GBX1,,GBX2,,GBX3,
X,Y,X,Y,X,Y
1.5928949019591485,0.001199144906311564,0.975466160599467,0.01961750589382083,0.4615414527064452,0.03688076261915896
1.5870313227942106,0.0011363459734551164,2.112590699079334,0.01716047790553743,0.6648877306484486,0.02591550763140038
1.5811677436292797,0.0010735470405986696,1.8249386419144642,0.01251609573256296,0.659739723611942,0.014950252643641804
1.5753041644643417,0.001010748107742222,3.249715237559208,0.014703449917254474,1.4924298617668406,0.012208938896702826
1.5694405852994109,0.0009479491748857743,3.814532037304808,0.0076320035119512575,1.281361573270079,0.006726311402823093
1.563577006134473,0.0008851502420293266,4.386839776039075,0.012246421928971074,2.324476499042177,0.008096968276293026
2.179252818452582,0.0012617386138972387,5.523964314518935,0.009789393940687674,3.2311692383468547,0.014950252643641804
2.771474314110961,0.001387131254339361,6.760968039514395,0.01511295458196793,2.949315853098131,0.006726311402823093
2.76561073494603,0.0013243323214829142,7.8101988938605444,0.023572721679837816,4.067720381779136,0.020432880137521536
2.753883576616161,0.0011987344557700189,7.5210486488979456,0.01659116654239856,3.993074279749795,0.00946762514976296
2.748019997451223,0.0011359355229135712,8.95181799573362,0.028127212584948325,4.623705141721818,0.020432880137521536
2.7421564182862923,0.0010731365900571244,8.662667750771021,0.02114565744750907,4.827051419663821,0.00946762514976296
2.7362928391213543,0.0010103376572006767,10.091938909808952,0.03034453052559405,5.660385058698285,0.008096968276293026
2.7304292599564235,0.0009475387243442291,11.235056199479757,0.0372361943951689,6.567077798002966,0.014950252643641804
2.7252986281871046,0.0008925896580948374,11.229812542187688,0.029056089019542597,6.285224412754243,0.006726311402823093
3.436990549331014,0.0012612939591438981,12.08602686859249,0.03247195719837581,7.33026984116503,0.012208938896702826
3.3013952811419074,0.0008452852331817286,12.36468979897095,0.02309330158456291,7.119201552668269,0.006726311402823093
3.63928403052126,0.001355423950004979,12.930255692615418,0.017190441661492084,8.161672977560801,0.006726311402823093
3.9119404616907048,0.001166924538800249,13.601194128033832,0.027637804571021718,8.995650117474828,0.006726311402823093
3.906076882525774,0.0011041256059438013,14.0965948931511,0.06030828648026754,9.830914259147985,0.00946762514976296
3.900213303360836,0.0010413266730873545,14.090602141960161,0.05095959462240929,10.664247898182442,0.008096968276293026
3.894349724195905,0.0009785277402309068,14.084609390769224,0.04161090276455104,11.497581537216906,0.006726311402823093
3.888486145030967,0.0009157288073744592,14.766784234670638,0.06958706290756478,12.33155867713094,0.006726311402823093
3.8767589867010983,0.0007901309416615647,15.327106471023036,0.0555040976088681,13.165535817044965,0.006726311402823093
3.8716283549317794,0.000735181875412173,15.224730304844563,0.04382822070519721,13.999512956958991,0.006726311402823093
4.172869734530288,0.0008528272618826254,15.218737553653632,0.03447952884733896,14.83413359775258,0.008096968276293026
4.445526165699732,0.0006643278506778972,15.527364239986774,0.0718443325228173,15.753696354648529,0.04236339011303869
4.439662586534801,0.0006015289178214495,15.78055797780376,0.02273373651310706,15.677763250860057,0.028656821378340247
4.433799007369863,0.0005387299849650027,16.34387658975163,0.013325117143339504,15.672615243823554,0.01769156639058167
4.427935428204933,0.00047593105210855507,16.90869338949723,0.006253670738036288,15.461546955326792,0.012208938896702826
4.747500492693852,0.0007898231037554056,17.482499316029234,0.013205262119520444,16.3045331075547,0.03139813512528011
5.03188408219318,0.0007269215582635718,17.76266043420543,0.006163779470171882,16.507879385496704,0.020432880137521536
5.004032081159735,0.0004286266271954463,18.637602108081907,0.03879430970481179,16.5027313784602,0.00946762514976296
5.606514840356745,0.0006639174001363511,18.345455487523836,0.027138408638443856,17.335421516615096,0.006726311402823093
5.600651261191814,0.0006011184672799035,18.339462736332898,0.017789716780585607,18.169398656529122,0.006726311402823093
5.594787682026876,0.0005383195344234567,19.220397161400314,0.05976893887308332,19.003375796443155,0.006726311402823093
5.298676934197694,0.00047562321420239594,19.214404410209376,0.05042024701522507,19.837996437236743,0.008096968276293026
6.192872756850193,0.0007265111077220266,19.776224834359503,0.038674454680993176,20.74254417360955,0.010381396398742915
6.864252571235177,0.0006634727453830105,20.05338957694024,0.026958626102715932,21.506594217944365,0.00946762514976296
6.760174041057589,0.0005850082835242463,20.047396825749303,0.017609934244857683,22.33928435609926,0.006726311402823093
6.755776356683889,0.0005379090838819114,20.326059756127762,0.00823127863104478,23.173261496013286,0.006726311402823093
8.054559141716865,0.0009770569591237028,21.464682482405365,0.008111423607226165,24.008525637686443,0.00946762514976296
7.950480611539277,0.0008985924972649386,22.603305208682983,0.007991568583407549,24.843789779359593,0.012208938896702826
7.944617032374339,0.0008357935644084909,23.74192793496057,0.007871713559588489,24.63272149086283,0.006726311402823093
7.938753453209408,0.0007729946315520441,24.880550661238175,0.007751858535769873,25.675836416634933,0.008096968276293026
7.93288987404447,0.0007101956986955964,26.019173387515778,0.0076320035119512575,26.50981355654896,0.008096968276293026
7.927026294879539,0.0006473967658391488,27.15779611379338,0.007512148488132642,27.344434197342554,0.00946762514976296
7.921162715714601,0.0005845978329827011,28.296418840070984,0.007392293464314026,28.17841133725658,0.00946762514976296
7.62651786267665,0.0005376012459757523,29.53342256506643,0.012715854105594282,29.012388477170607,0.00946762514976296
8.643848847792768,0.0010710501331376012,29.148887696981447,0.00496522923198528,29.846365617084633,0.00946762514976296
9.215547816373878,0.0009766465085821576,30.575162480423927,0.00948975638114069,30.682916760516907,0.014950252643641804
9.11146928619629,0.0008981820467233934,30.28751042325905,0.00484537420816622,30.47056147026102,0.006726311402823093
9.105605707031351,0.0008353831138669457,31.712287018903794,0.0070327283928577344,31.17455143250326,0.02591550763140038
8.810960853993393,0.0007883865268599969,32.8509097451814,0.006912873369039119,31.5297639180222,0.04236339011303869
8.806563169619693,0.0007412873272176611,33.989532471459,0.006793018345220503,31.955761500293104,0.06155258634161598
9.706622571437123,0.0010549741535937395,35.128155197736604,0.006673163321401887,31.9506134932566,0.0505873313538574
9.989540266145212,0.0009763728748877938,36.26677792401421,0.006553308297582827,32.01110257593555,0.03139813512528011
10.273923855644526,0.0009134713293959601,37.40540065029181,0.006433453273764211,31.72924919068682,0.023174193884461403
10.268060276479595,0.0008506723965395124,38.54701975216486,0.01098794417887472,32.56451333235998,0.02591550763140038
10.262196697314657,0.0007878734636830656,38.54252518877166,0.003976425285480811,32.76785961030198,0.014950252643641804
11.528729796940496,0.0008816272082143948,39.682646102847,0.00619374322612698,33.60183675021601,0.014950252643641804
11.424651266762908,0.0008031627463556314,40.821268829124605,0.006073888202308364,33.59797574493862,0.006726311402823093
11.998549077530868,0.0007323087216213556,41.95989155540221,0.005954033178489748,34.43452688837091,0.012208938896702826
12.3056540362943,0.0009127530409482549,43.09851428167981,0.005834178154670688,34.223458599874135,0.006726311402823093
12.590037625793613,0.0008498514954564211,44.335518006675244,0.011157738795950944,35.26721702652581,0.00946762514976296
12.58417404662869,0.0007870525625999743,43.950983138590274,0.003407113922341942,36.10119416643984,0.00946762514976296
12.572446888298813,0.000661454696887079,45.38025429762821,0.012605987000426921,37.00509840193308,0.010381396398742915
12.565850361738256,0.0005908058974235754,45.37575973423502,0.005594468107033457,37.77172244978614,0.014950252643641804
12.868557636128003,0.0007241510171081406,46.51438246051262,0.005474613083214841,37.97635572948728,0.006726311402823093
13.141214067297454,0.0005356516059034115,47.653005186790224,0.005354758059396225,38.67562668527938,0.01586402389262176
13.136083435528136,0.0004807025396540198,48.79162791306783,0.005234903035577165,39.51432283164354,0.02591550763140038
13.443188394291568,0.0006611468589809199,49.93025063934543,0.0051150480117585495,39.43903322873463,0.013579595770172759
13.43732481512663,0.0005983479261244722,51.068873365623034,0.004995192987939934,40.07030759158623,0.02591550763140038
13.711447141087334,0.0004255482481338559,52.20749609190064,0.004875337964121318,40.27365386952822,0.014950252643641804
14.393088219010949,0.00047240801829362324,53.346118818178226,0.004755482940302702,41.107631009442244,0.014950252643641804
15.460259627029004,0.0005034312383920972,54.48474154445583,0.004635627916484086,41.941608149356284,0.014950252643641804
15.454396047864066,0.00044063230553564956,55.62336427073343,0.0045157728926650265,42.35537921491549,0.008096968276293026
16.126753125443216,0.0003880604320060429,56.761986997011036,0.004395917868846411,43.259926951288264,0.010381396398742915
16.32806934343931,0.00047172393405771427,57.99599434641101,0.005045132581197542,44.02912500265961,0.020432880137521536
17.191481375475888,0.00039291743008099643,59.0422288251617,0.008830553750138304,44.02462049650266,0.010838282023232892
16.898302417229175,0.00036162057628815955,60.180851551439304,0.008710698726319688,44.8618151408145,0.01769156639058167
18.35100415534167,0.00037680724632533844,60.17635698804611,0.001699179832925779,44.65074685231774,0.012208938896702826
19.612162307399643,0.0004129953024049251,61.31647790212145,0.003916497773571503,45.6945052789694,0.014950252643641804
19.2202797665432,0.0003607996752050674,62.45510062839905,0.0037966427497528876,46.59840951446263,0.01586402389262176
20.67884508382062,0.0004387852780986948,63.593723354676655,0.003676787725934272,47.37532957638872,0.04236339011303869
21.841299653268877,0.0004540745607712615,64.73234608095426,0.003556932702115656,47.37018156935221,0.03139813512528011
23.10636685810347,0.0005321285720884805,65.87096880723186,0.0034370776782970403,47.1565392773372,0.020432880137521536
22.71350705405287,0.0004694664560792143,67.00959153350945,0.0033172226544784245,47.872112255411565,0.06429390008855584
23.695656564179373,0.0006261217461023781,68.14821425978705,0.0031973676306593646,47.79617915162311,0.0505873313538574
23.881825202666036,0.0005475546716082287,68.7235183741168,0.012486131976608306,48.2067327127845,0.03688076261915896
24.862997449598396,0.000693743472821984,69.30481523963746,0.031123588180415496,48.202871707507114,0.028656821378340247
24.471114908741953,0.0006415478456221263,69.2995715823454,0.022943482804789195,48.425523011836006,0.05881127259467611
25.928214331228148,0.0007038337153016426,69.003679492293,0.005444649327259743,48.420375004799496,0.047846017606917535
25.92308369945883,0.0006488846490522509,69.8801193539672,0.04041235252636399,48.829641564201765,0.03139813512528011
27.08773711109393,0.0006877235315459855,70.44343796591507,0.03100373315659688,49.03298784214377,0.020432880137521536
27.08260647932461,0.0006327744652965938,70.43744521472412,0.02165504129873863,49.44675890770296,0.013579595770172759
28.244328101377235,0.0006402138813621037,70.43220155743205,0.01347493592311233,50.281379548496545,0.014950252643641804
27.95114914313052,0.0006089170275692668,71.5655806264176,0.005174975523667857,50.69515061405575,0.008096968276293026
29.50108856906151,0.0006293027377993555,71.27792856925272,0.0005305933506933869,51.52977125484934,0.00946762514976296
30.57070313506496,0.000686492179921349,72.70270516489747,0.0027179475353849014,52.36632239828161,0.014950252643641804
30.56557250329564,0.0006315431136719573,73.93671251429744,0.003367162247736033,52.15396710802574,0.006726311402823093
31.828440865943378,0.0006860475251680084,74.98144880525041,0.004815410452211566,53.20158653995476,0.01769156639058167
31.437046956684014,0.0006390851423728541,74.69379674808553,0.0001710282792370954,53.19772553467739,0.00946762514976296
32.42359415118423,0.0008428396320383537,76.11857334373028,0.00235838246392861,54.10420377368888,0.01586402389262176
32.31951562100666,0.0007643751701795903,77.25719607000788,0.002238527440109994,54.87082782154195,0.020432880137521536
33.012883857260135,0.0009368328060522521,78.39581879628548,0.0021186724162913784,54.866966816264565,0.012208938896702826
32.602433315714734,0.0006857738914736447,79.53444152256309,0.0019988173924727626,55.70351795969685,0.01769156639058167
33.489299664411064,0.0008581631189227158,80.67306424884069,0.0018789623686537027,55.49244967120009,0.012208938896702826
33.19172302179065,0.0007797670654875431,81.81168697511828,0.001759107344835087,56.536208097851755,0.014950252643641804
33.18732533741694,0.0007326678658452074,82.95030970139588,0.0016392523210164711,56.32385280759587,0.006726311402823093
34.07712347569573,0.0009364565597225023,84.08893242767348,0.0015193972971978553,57.44268633686323,0.021346651386501492
34.74850329008072,0.0008734181973834871,85.22755515395109,0.0013995422733792395,57.160403951028144,0.012208938896702826
35.81274290851633,0.0008730419510537364,86.36617788022869,0.0012796872495601797,58.206736381198056,0.020432880137521536
35.80761227674701,0.0008180928848043455,87.5048006065063,0.0011598322257415639,59.043287524630344,0.02591550763140038
36.97079979359086,0.0008412320340839673,88.64342333278388,0.001039977201922948,59.03942651935296,0.01769156639058167
36.96640210921716,0.0007941328344416325,89.78354424685922,0.0032572951425686725,59.875977662785246,0.023174193884461403
38.131788468247876,0.0008408215835424221,89.49589218969437,-0.001387087030405798,59.8714731566283,0.013579595770172759
38.12665783647856,0.0007858725172930313,90.92066878533909,0.0008002671542857165,60.708667800940134,0.020432880137521536
38.99959818465817,0.00080911427920804,92.05929151161668,0.0006804121304671007,60.70480679566276,0.012208938896702826
39.28398177415748,0.0007462127337162063,93.1979142378943,0.0005605571066480408,61.61514603995164,0.026829278880380336
40.54220813663299,0.0007510013233675682,94.33653696417188,0.000440702082829425,61.33286365411652,0.01769156639058167
41.607425018262745,0.0007610915658472269,95.4751596904495,0.00032084705901080923,62.381770087804696,0.03139813512528011
41.603027333889045,0.0007139923662048912,96.61378241672709,0.00020099203519219344,62.37726558164776,0.02180353701099147
42.866628643932415,0.0007763466443079983,97.75240514300471,0.00008113701137357765,63.218321231236985,0.03688076261915896
42.763283061150446,0.00070573204905629,98.8910278692823,-0.00003871801244548223,63.004678939221975,0.02591550763140038
43.359169293786906,0.0008703740225336912,100.02965059555991,-0.00015857303626409802,63.72025191729635,0.06977652758243469
43.95139078944527,0.0009957666629758144,101.1682733218375,-0.0002784280600827138,63.64431881350788,0.056069958847736245
43.94552721028033,0.0009329677301193667,102.30689604811512,-0.0003982830839013296,63.63917080647137,0.04510470385997767
43.64355288328622,0.0008074724770418583,103.44551877439271,-0.0005181381077199454,64.12008046379835,0.033225677623240024
43.63915519891252,0.0007603732773995226,104.58713787626577,0.004036352797390563,64.27623667723904,0.06977652758243469
44.54361228510365,0.0011211593034179358,104.58264331287258,-0.0029751660960033455,64.27108867020253,0.05881127259467611
44.53774870593871,0.001058360370561489,105.72276422694792,-0.0007578481553576211,64.26594066316602,0.047846017606917535
44.23137669457088,0.000885765917841644,106.8613869532255,-0.0008777031791762369,64.8849885093059,0.03413944887221998
44.82359819022926,0.0010111585582837672,108.0030060550986,0.003676787725934272,64.8798405022694,0.023174193884461403
45.70313506496943,0.0011050491196622787,107.713855810136,-0.003304767411504983,65.71510464394255,0.02591550763140038
45.69727148580449,0.0010422501868058319,109.14162878137618,0.003556932702115656,65.7106001377856,0.016320909517111737
46.569478886588485,0.0010576420821137847,109.70719467502066,-0.0023459272209551685,66.54908178385658,0.02591550763140038
46.8538624760878,0.000994740536621951,110.84656649519711,-0.0012971957625413921,66.54522077857919,0.01769156639058167
46.8494647917141,0.0009476413369796152,111.98518922147473,-0.001417050786360452,67.45298601934982,0.026829278880380336
48.01191936116234,0.000962930619652181,113.12381194775232,-0.0015369058101790678,67.17070363351472,0.01769156639058167
48.00752167678864,0.0009158314200098452,114.26243467402993,-0.0016567608339976836,68.22218407072114,0.03688076261915896
49.1787716149843,0.0010253191019670834,115.49644202342994,-0.001007546121646552,68.21703606368463,0.02591550763140038
49.17364098321498,0.0009703700357176917,116.54267650218061,0.0027778750472942093,69.0523002053578,0.028656821378340247
48.87826318278141,0.000915523582103687,117.6812992284582,0.0026580200234751494,69.04779569920085,0.019062223264051603
50.34269207922377,0.001056308117853762,118.81992195473582,0.0025381649996565336,69.8849903435127,0.02591550763140038
50.33756144745445,0.0010013590516043704,119.95854468101341,0.002418309975837918,69.88112933823531,0.01769156639058167
51.00820831444382,0.0009304708226582983,120.52336148075902,-0.004653136429465299,70.78889457900593,0.026829278880380336
51.21050179563407,0.001024600813519379,121.0956692194933,-0.00003871801244548223,71.55294462334075,0.02591550763140038
51.48315822680351,0.00083610140231465,122.32817838109555,-0.0017266762645586908,71.54908361806336,0.01769156639058167
51.47729464763859,0.0007733024694582032,123.37291467204851,-0.0002784280600827138,72.38692176325478,0.02591550763140038
51.7792689746327,0.0008987977225357107,123.08526261488363,-0.004922810233057184,72.38306075797739,0.01769156639058167
52.148674462023564,0.0007102641071191872,124.51003921052835,-0.002735456048366114,73.2208989031688,0.02591550763140038
51.7572805527642,0.0006633017243240329,125.64866193680594,-0.0028553110721847297,73.63402646784843,0.01769156639058167
52.623624374383255,0.0006158946867755389,126.78728466308355,-0.0029751660960033455,74.12480313866203,0.026829278880380336
52.618493742613936,0.0005609456205261472,127.92590738936114,-0.0030950211198219613,74.9634992850262,0.03688076261915896
52.91973512221243,0.0006785910069965996,129.06453011563877,-0.003214876143640577,74.68164589977746,0.028656821378340247
53.19459039556874,0.0005136411956130392,130.20315284191634,-0.003334731167459637,75.72669132818825,0.03413944887221998
53.49143409079355,0.0005841873824411559,131.34477194378945,0.0012197597376508718,75.72218682203132,0.024544850757931336
53.76995410112794,0.0004584869040928745,131.05562169882683,-0.005761795399788383,76.5568074628249,0.02591550763140038
54.066064848957126,0.0005211832243139361,132.483394670067,0.001099904713832256,76.34445217256902,0.01769156639058167
54.34531780668712,0.0004033326125727106,133.62201739634463,0.0009800496900136402,77.46328570183641,0.03231190637426007
54.929476880993704,0.00044237672033721736,134.85602474574466,0.0016292644023647718,78.23505775672596,0.047846017606917535
55.50410763915727,0.00037937256220999666,135.9022592244953,0.005414685571305533,78.22990974968947,0.03688076261915896
56.1857487170809,0.00042623233236976487,135.89776466110214,-0.0015968333220883757,78.65719433371949,0.05881127259467611
57.258783704263905,0.0005200544853246865,137.03788557517743,0.0006204846185573487,79.08447891774952,0.08074178257019327
57.253653072494586,0.0004651054190752948,138.28038265543125,0.014513679462874851,79.07933091071301,0.06977652758243469
56.958275272061016,0.0004102589654612892,137.89484899548114,0.005204939279622511,78.86054061166149,0.047846017606917535
58.519941856321864,0.0005562425414042723,138.76379791816663,0.028486777656403728,78.85667960638412,0.039622076366098824
58.12805931546542,0.0005040469142044155,139.4459727620681,0.05646293779941747,79.50661549474303,0.09170703755795184
59.586624632742854,0.000582032517098042,139.3435965958896,0.04478706089574658,79.49181497451308,0.060181929468146045
59.581494000973535,0.0005270834508486512,139.33760384469866,0.03543836903788833,79.9879541526564,0.08074178257019327
60.746147412608636,0.0005659223333423849,139.33011290571,0.02375250421556574,79.91202104886791,0.06703521383549482
60.7402838334437,0.0005031234004859381,140.49120844895356,0.058690243658715335,80.39207270502214,0.05332864510079727
61.90127250810072,0.0005027129499443929,140.48521569776267,0.049341551800857086,80.73312817119067,0.039622076366098824
61.89540892893578,0.0004399140170879452,140.47922294657172,0.03999285994299884,81.15397774642506,0.047846017606917535
63.056397603592785,0.00043950356654639915,140.47323019538078,0.03064416808514059,81.5671053111047,0.039622076366098824
63.051266971823466,0.00038455450029700744,140.18557813821593,0.025999785912166118,82.06260098836844,0.05881127259467611
64.2129885938761,0.00039199391636251905,141.03505061953092,0.01889837575090869,81.98731138545952,0.0464753607334476
64.2085909095024,0.0003448947167201833,141.02905786833998,0.009549683893050442,82.4351879976356,0.11226689065999906
65.37251137374187,0.00037588373260686106,141.59387466808562,0.0024782374877472257,82.85796807550867,0.12460280252122757
65.07933241549516,0.0003445868788140242,142.16618240681987,0.007092655904767042,82.84767206143566,0.10267229254571042
66.62927184142615,0.00036497258904411196,142.73025011266657,-0.0011473769827685665,82.84252405439915,0.09170703755795184
67.69595461784714,0.00039076256473788255,143.86962193284307,-0.00009864552435479013,82.83737604736265,0.08074178257019327
67.69082398607782,0.00033581349848849085,145.00824465912063,-0.00021850054817340592,82.8328715412057,0.07114718445590462
68.85254560813044,0.00034325291455400246,145.00375009572747,-0.007230019441567315,82.61858574831112,0.05881127259467611
68.8466820289655,0.0002804539816975548,146.1438710098028,-0.005012701500921146,82.61472474303375,0.0505873313538574
70.010602493205,0.00031144299758423255,147.28549011167587,-0.0004582105958106375,83.39336080730533,0.37680366723967307
70.00473891404006,0.0002486440647277849,148.4241128379535,-0.0005780656196292533,83.38821280026882,0.3658384122519145
70.00034122966636,0.00020154486508544914,148.98892963769907,-0.007649512024932914,83.3727687791593,0.33294264728863876
71.16426169390583,0.0002325338809721269,149.56123737643333,-0.0030350936079130975,83.31614070175773,0.2123248424232953
71.15839811474089,0.00016973494811567923,150.69836191491322,-0.0054921215961960534,83.31099269472124,0.20135958743553672
72.32085268418915,0.0001850242307882468,151.83698464119078,-0.005611976620014669,83.30584468768473,0.19039433244777815
72.02767372594244,0.00015372737699540819,152.9756073674684,-0.005731831643833285,83.30069668064822,0.17942907746001957
73.48037546405492,0.0001689140470325888,154.11572828154374,-0.0035145137031875606,83.2955486736117,0.168463822472261
73.47597777968122,0.00012181484739025306,155.25584919561908,-0.0012971957625418362,83.29040066657521,0.15749856748450242
74.63843234912946,0.00013710413006282063,155.25135463222585,-0.008308714655935745,83.2852526595387,0.14653331249674384
74.34378749609151,0.0000901075430558701,156.3914755463012,-0.0060913967152895765,83.28010465250219,0.13556805750898615
75.80235281336894,0.00016809314594949838,157.5300982725788,-0.006211251739108192,83.06131435345067,0.113637547533469
75.79795512899523,0.00012099394630716263,158.66872099885643,-0.006331106762926808,83.95191957076626,0.5303172370682923
76.96334148802597,0.0001676826954079523,159.807343725134,-0.006450961786745424,83.87598646697779,0.5166106683335938
78.22156785050146,0.00017247128505931512,161.04135107453402,-0.005801747074394292,83.8708384599413,0.5056454133458352
79.28825062692243,0.0001982612607530857,162.08758555328467,-0.002016325905453975,83.86569045290479,0.49468015835807666
79.28385294254875,0.00015116206111074997,163.22471009176456,-0.004473353893737375,83.86054244586828,0.4837149033703181
80.44923930157944,0.00019785081021153963,162.93705803459972,-0.009117736066711846,83.85539443883178,0.4727496483825595
80.1545944485415,0.00015085422320459084,164.3618346302444,-0.006930381882020331,83.85024643179527,0.46178439339480093
81.0355972180729,0.00026044451779721513,165.50045735652202,-0.007050236905838947,83.84509842475876,0.45081913840704235
81.61096092363209,0.00020529022627705125,166.63908008279964,-0.007170091929657563,83.83995041772225,0.4398538834192838
82.29333494895133,0.00025999986304387455,167.77770280907725,-0.007289946953476623,83.83480241068575,0.4288886284315261
82.47950358743802,0.00018143278854972425,168.9178237231526,-0.005072629012830898,83.82965440364924,0.4179233734437675
83.47484615068561,0.0004793856774998953,170.05794463722788,-0.0028553110721847297,83.82450639661273,0.40695811845600893
83.37076762050802,0.0004009212156411302,171.1965673635055,-0.0029751660960033455,83.81935838957622,0.39599286346825036
83.3649040413431,0.0003381222827846843,172.3351900897831,-0.0030950211198219613,83.81421038253973,0.3850276084804918
83.07025918830513,0.0002911256957777355,173.5721938147786,0.0022285395214578507,83.85410743707266,0.3219773923008802
83.0643956091402,0.00022832676292128783,174.6169301057315,0.0036767877259338277,83.77817433328418,0.30827082356618174
84.54201755870366,0.0005104088975983693,174.6124355423383,-0.003334731167459637,83.77302632624767,0.29730556857842405
84.53615397953874,0.0004476099647419216,175.74956008081818,-0.005791759155743037,83.76787831921116,0.2863403135906655
84.53029040037381,0.00038481103188547396,175.46190802365334,-0.010436141328717508,83.76273031217465,0.2753750586029069
85.83493676457172,0.0008867578399837121,176.88668461929802,-0.008248787144025993,83.75758230513816,0.2644098036151483
85.7308582343941,0.0008082933781249479,178.02530734557564,-0.008368642167844609,83.75243429810165,0.25344454862738974
85.72499465522918,0.0007454944452685011,179.16542825965098,-0.006151324227198884,83.74728629106514,0.24247929363963117
85.71913107606426,0.0006826955124120534,180.3040509859286,-0.006271179251017944,83.74213828402864,0.2315140386518726
85.7132674968993,0.0006198965795556058,180.01639892876375,-0.01091556142399197,83.73699027699213,0.220548783664114
85.70740391773438,0.0005570976466991581,181.44117552440844,-0.0087282072393009,83.48345093044418,0.12460280252122757
85.70154033856943,0.0004942987138427113,182.57979825068605,-0.008848062263119516,84.2247639437011,0.37132103974579334
85.40689548553149,0.0004473021268357625,183.72141735255911,-0.004293571358009007,84.2196159366646,0.36035578475803476
85.40103190636657,0.00038450319397931483,183.71692278916595,-0.011305090251402916,84.21446792962809,0.3493905297702762
86.50338478937422,0.0018285366075596523,184.85704370324123,-0.009087772310756748,84.20931992259159,0.3384252747825176
86.4623397352197,0.0013889440775645195,185.99566642951885,-0.009207627334575363,84.14754383815351,0.20684221492941557
86.35826120504208,0.0013104796157057562,187.13428915579647,-0.009327482358394423,84.142395831117,0.19587695994165788
86.35239762587716,0.0012476806828493085,188.27291188207408,-0.009447337382213039,84.13724782408049,0.1849117049538993
86.34580109931662,0.0011770318833858049,189.41153460835164,-0.009567192406031655,84.132099817044,0.17394644996614073
86.33920457275605,0.0011063830839223012,190.55015733462926,-0.00968704742985027,84.12695181000748,0.16298119497838215
86.33334099359112,0.0010435841510658544,191.68878006090688,-0.009806902453668886,84.12180380297097,0.15201593999062357
86.3274774144262,0.0009807852182094068,192.92578378590235,-0.00448334181238863,84.11665579593448,0.141050685002865
87.01351617672353,0.0021109607843546882,193.97052007685528,-0.0030350936079130975,84.11215128977753,0.13145608688857635
87.0076525975586,0.0020481618514982406,193.68286801969043,-0.007679475780887568,84.50533032719069,0.5248346095744125
87.00178901839368,0.001985362918641793,195.10614642753745,-0.007829294560660838,84.50018232015418,0.513869354586654
86.99592543922873,0.0019225639857853452,194.81849437037255,-0.012473676733635308,84.49503431311769,0.5029040995988954
86.97833470173393,0.0017341671872160031,196.2432709660173,-0.010286322548943794,84.48988630608117,0.4919388446111368
86.972471122569,0.0016713682543595555,197.3818936922949,-0.01040617757276241,84.48473829904466,0.4809735896233782
86.96660754340405,0.0016085693215031078,198.52051641857247,-0.010526032596581025,84.47959029200815,0.47000833463561964
86.96074396423913,0.001545770388646661,199.6591391448501,-0.010645887620400085,84.47444228497166,0.45904307964786195
86.9548803850742,0.0014829714557902133,200.79926005892543,-0.00842856967975436,84.46929427793515,0.4480778246601034
87.5705561973923,0.0018595598276581263,201.93788278520304,-0.008548424703572977,84.46414627089864,0.4371125696723448
87.56469261822735,0.0017967608948016786,201.6502307280382,-0.013192806876547447,84.45899826386213,0.4261473146845862
87.52951114323776,0.0014199672976629935,203.07500732368288,-0.011005452691855933,84.45385025682563,0.41518205969682764
87.52364756407283,0.0013571683648065458,204.3090146730829,-0.010356237979504801,84.44870224978912,0.40421680470906907
87.51778398490788,0.001294369431950099,205.35524915183356,-0.006570816810564484,84.44355424275261,0.3932515497213105
87.51192040574296,0.0012315704990936514,206.49387187811118,-0.0066906718343830995,84.43840623571612,0.3822862947335519
87.50605682657803,0.0011687715662372037,207.7308756031066,-0.0013671111931032875,84.62051698463253,0.32608936292129
87.50019324741308,0.001105972633380756,207.34634073502167,-0.009117736066711846,84.40751819349707,0.31649476480700134
87.49432966824816,0.0010431737005243092,208.7890955842392,0.02111569369155397,84.40237018646056,0.30552950981924276
87.88425768271628,0.002110652946448529,208.78310283304825,0.011767001833696167,84.39722217942406,0.2945642548314842
87.87839410355136,0.0020478540135920814,208.7778591757562,0.003586896458069866,84.39207417238755,0.2835989998437256
87.87253052438643,0.0019850550807356338,209.37039244975983,0.03975314989536116,84.38692616535104,0.27263374485596703
87.86666694522148,0.0019222561478791861,209.36439969856895,0.030404458037502913,84.38177815831455,0.26166848986820845
87.84907620772668,0.001733859349309844,209.9277183105168,0.020995838667735356,84.37663015127804,0.2507032348804499
87.84321262856176,0.0016710604164533963,210.22435949446805,0.0396632586274972,84.37148214424153,0.2397379798926913
87.8373490493968,0.0016082614835969487,210.5030224248465,0.030284603013684297,84.36633413720502,0.22877272490493272
87.83148547023188,0.0015454625507405019,210.4917860163635,0.012755805780200191,84.36118613016852,0.21780746991717415
88.11440316493997,0.0014668612720345562,210.78168535522497,0.020905947399871394,84.59284644681131,0.11912017502734784
88.07115926859856,0.0010037191422182564,211.6281614609445,0.009130191309684399,84.51691334302284,0.10541360629265029
88.06016505766434,0.000885971143112417,211.62291780365246,0.0009500859340585421,84.51176533598633,0.09444835130489171
88.05430147849938,0.0008231722102559694,212.7622896238289,0.0019988173924723185,84.50661732894983,0.08348309631713313
88.04843789933446,0.0007603732773995226,212.75779506043574,-0.00501270150092159,84.76015667549775,0.17942907746001957
88.0425743201695,0.0006975743445430749,213.89791597451102,-0.002795383560275422,84.75500866846124,0.168463822472261
88.03671074100458,0.0006347754116866272,215.03504051299092,-0.005252411548558822,84.74986066142475,0.15749856748450242
88.39732085964806,0.0013882599933286105,214.74738845582607,-0.009896793721533292,84.74471265438824,0.14653331249674384
88.39145728048311,0.0013254610604721637,216.1721650514708,-0.007709439536841778,84.73956464735173,0.13556805750898615
88.38559370131819,0.001262662127615716,217.31078777774843,-0.007829294560660394,84.91717089011121,0.06977652758243469
88.37973012215323,0.0011998631947592684,218.449410504026,-0.007949149584479454,84.9120228830747,0.05881127259467611
88.37386654298831,0.0011370642619028207,219.5880332303036,-0.00806900460829807,85.13081318212622,0.08074178257019327
88.36800296382339,0.001074265329046373,220.72365958098572,-0.01286320556104581,85.39336154098804,0.047846017606917535
88.64652297415776,0.0009485648506980917,221.86228230726329,-0.012983060584864425,86.15784058590923,0.047846017606917535
88.61134149916816,0.0005717712535594065,223.0039014091364,-0.008428569679753917,86.15397958063186,0.039622076366098824
88.69343160747721,0.0004147397172064929,224.14102594761624,-0.01088559766803776,86.99181772582325,0.047846017606917535
88.93090656365709,0.0008856633052062579,223.8533738904514,-0.015529979841012231,86.98795672054588,0.039622076366098824
88.92504298449214,0.0008228643723498102,225.27815048609614,-0.013342625656320717,87.90301497128488,0.06429390008855584
88.91917940532721,0.0007600654394933634,226.4167732123737,-0.013462480680139333,87.82708186749642,0.0505873313538574
88.91331582616226,0.0006972665066369158,227.55839231424682,-0.008907989775028824,87.61472657724052,0.04236339011303869
88.90745224699734,0.0006344675737804681,227.2692420692842,-0.01588954491246808,88.46157373474581,0.06977652758243469
89.18597225733171,0.0005087670954321876,228.69701504052443,-0.00902784479884744,88.66492001268782,0.05881127259467611
89.85735207171672,0.0004457287330931715,229.83563776680205,-0.009147699822666056,88.6597720056513,0.047846017606917535
89.75400648893475,0.00037511413784146325,230.9742604930796,-0.009267554846485115,89.07225606945138,0.03825141949262889
90.63427631107052,0.0004768545658270316,232.11587959495267,-0.004713063941374607,89.49246214380621,0.04510470385997767
90.91865990056982,0.0004139530203351978,233.25300413343257,-0.007170091929658007,89.90430270672671,0.03413944887221998
90.9127963214049,0.00035115408747875103,232.96535207626766,-0.011814474102632477,90.32515228196111,0.04236339011303869
90.90693274223995,0.00028835515462230336,234.39012867191246,-0.009627119917940963,90.73763634576117,0.032768791998750046
90.90180211047064,0.00023340608837291166,235.52875139819002,-0.009746974941759579,91.15912942187514,0.04236339011303869
91.47789876342543,0.00018610166345980374,236.66887231226536,-0.007529657001114298,91.57225698655476,0.03413944887221998
91.7806060378152,0.00031944678314436807,236.38122025510046,-0.012174039174088325,91.99568056530741,0.047846017606917535
91.77474245865028,0.0002566478502879204,237.80599685074526,-0.009986684989397254,92.47744822380714,0.03779453386813891
92.73685807329656,0.00019874011971822078,238.94461957702282,-0.01010654001321587,92.83094470698057,0.0505873313538574
93.80354084971756,0.00022453009541199137,240.08623867889588,-0.005552049108105361,93.3109963631348,0.03688076261915896
93.79767727055264,0.0001617311625555437,239.79708843393325,-0.012533604245544616,94.1454025036352,0.03779453386813891
94.96013184000088,0.00017702044522811128,241.2248614051735,-0.005671904131923977,94.98667265351762,0.05332864510079727
94.66695288175416,0.00014572359143527266,241.22036684178028,-0.012683423025317886,94.70353226650975,0.04236339011303869
96.11965461986665,0.00016091026147245328,242.36048775585567,-0.010466105084671717,94.69967126123237,0.03413944887221998
96.69575127282144,0.00011360583655934536,243.49911048213323,-0.010585960108490777,95.34703314607306,0.08074178257019327
97.28064329452368,0.00016049981093090894,244.63773320841085,-0.010705815132309393,95.34188513903655,0.06977652758243469
97.85747289487409,0.00012104525262485524,245.77635593468847,-0.010825670156128009,95.84381582509592,0.10267229254571042
99.01919451692672,0.00012848466869036686,246.91497866096609,-0.010945525179946625,95.76788272130744,0.08896572381101198
100.27742087940223,0.00013327325834172794,248.05360138724365,-0.01106538020376524,95.75501270371618,0.06155258634161598
101.3441036558232,0.00015906323403549853,249.19372230131899,-0.00884806226311996,96.24793437746166,0.07525915507631442
101.33970597144949,0.00011196403439316278,250.33384321539432,-0.006630744322473792,96.39980058503859,0.10267229254571042
102.50509233048024,0.0001586527834939542,251.47546231726733,-0.002076253417363283,96.39465257800208,0.09170703755795184
102.50069464610652,0.00011155358385161844,251.47096775387416,-0.009087772310757192,96.58963334450975,0.06292324321508591
103.66608100513724,0.0001582423329524081,252.61408504354495,-0.0021961084411818987,96.80391913740434,0.07525915507631442
104.82706967979425,0.00015783188241086377,253.75270776982256,-0.0023159634650005145,97.07161550330268,0.05332864510079727
105.40316633274904,0.00011052745749775411,254.3175245695682,-0.009387409870303731,97.4817400638777,0.03870830511711887
105.98659245966002,0.00014172169865520577,254.89133049610018,-0.0024358184888191303,97.62760026324536,0.05332864510079727
106.27097604915932,0.00007882015316337115,255.17149161427642,-0.009477301138167693,98.24536110762611,0.03688076261915896
107.24335292734429,0.00013081055509245668,256.02995322237774,-0.00255567351263819,98.24150010234872,0.028656821378340247
108.3100357037653,0.00015660053078622727,257.16857594865536,-0.002675528536456806,99.15141034605125,0.04236339011303869
108.01539085072733,0.00010960394377927674,258.307198674933,-0.002795383560275422,98.86826995904339,0.03139813512528011
109.4710243784223,0.0001561900802446812,258.8720154746786,-0.009866829965578638,99.91846339449066,0.047846017606917535
110.15413135113715,0.00021874958361856045,259.4443232134129,-0.005252411548558822,99.91331538745416,0.03688076261915896
110.34029998962382,0.00014018250912441015,260.5814477518927,-0.007709439536841778,100.74729252736819,0.03688076261915896
111.32684718412403,0.00034393699878991144,261.7200704781703,-0.007829294560660838,100.74343152209082,0.028656821378340247
110.9339873800734,0.0002812748827806452,262.85869320444795,-0.007949149584479454,101.58126966728221,0.03688076261915896
110.92812380090848,0.00021847594992419755,263.9973159307255,-0.00806900460829807,101.36891437702636,0.028656821378340247
111.96890910268434,0.0010031205685118363,265.1359386570031,-0.008188859632116685,102.41524680719627,0.03688076261915896
111.86483057250675,0.000924656106653072,266.27456138328074,-0.008308714655935301,102.4107423010393,0.027286164504870314
111.85896699334182,0.0008618571737966244,267.41318410955836,-0.008428569679753917,103.24536294183292,0.028656821378340247
111.85310341417687,0.0007990582409401767,268.5518068358359,-0.008548424703572977,103.24150193655552,0.020432880137521536
111.84723983501195,0.0007362593080837299,269.7858141852359,-0.007899209991222289,104.0780530799878,0.02591550763140038
111.84137625584702,0.0006734603752272823,270.92743328710895,-0.0033447190861117804,104.07419207471042,0.01769156639058167
111.83551267668207,0.0006106614423708346,271.972169578062,-0.0018964708816353593,104.91203021990182,0.02591550763140038
111.82964909751715,0.0005478625095143869,271.96767501466877,-0.008907989775028824,104.69967492964594,0.01769156639058167
111.8237855183522,0.00048506357665794014,273.10779592874405,-0.0066906718343830995,105.81807945832696,0.03139813512528011
111.81792193918727,0.00042226464380149247,272.8201438715792,-0.01133505400735757,105.53622607307821,0.023174193884461403
112.59044849416739,0.0024787244695793735,274.34330146594175,-0.0037042841575676277,106.58127150148903,0.028656821378340247
112.58458491500244,0.002415925536722926,275.39253232028796,0.004755482940302258,106.57741049621163,0.020432880137521536
112.57872133583751,0.002353126603866479,275.3880377568948,-0.0022560359530916507,107.4139616396439,0.02591550763140038
112.57285775667256,0.0022903276710100314,276.5311550465656,0.004635627916483642,107.41010063436653,0.01769156639058167
112.56699417750764,0.0022275287381535837,276.5266604831724,-0.0023758909769102665,108.24793877955793,0.02591550763140038
112.56113059834271,0.002164729805297136,277.67277414843863,0.009190118821594151,108.24407777428056,0.01769156639058167
112.55526701917776,0.0021019308724406893,277.6667813972477,-0.00015857303626409802,109.08191591947195,0.02591550763140038
112.54940344001284,0.0020391319395842416,278.24807826276833,0.018478883167542648,109.07805491419458,0.01769156639058167
112.54353986084791,0.001976333006727794,278.82937512828903,0.03711633937134984,109.91589305938598,0.02591550763140038
112.53767628168296,0.0019135340738713463,278.8233823770981,0.02776764751349159,109.91203205410861,0.01769156639058167
112.53181270251804,0.0018507351410148995,278.52674119314685,0.009100227553730189,110.75244420281828,0.03139813512528011
112.52594912335309,0.0017879362081584518,279.5055572209995,0.05574380765650533,110.74858319754088,0.023174193884461403
112.52008554418816,0.0017251372753020041,279.40318105482106,0.04406793075283444,111.58642134273231,0.03139813512528011
112.51422196502324,0.0016623383424455565,279.38969736464145,0.023033374072653157,111.58256033745491,0.023174193884461403
112.50835838585829,0.0015995394095891088,280.05988670616097,0.0323121504999504,112.41782447912806,0.02591550763140038
112.50249480669336,0.001536740476732662,280.5418037810987,0.04394807572901538,112.41396347385069,0.01769156639058167
112.49663122752844,0.0014739415438762143,280.6212077343785,0.019787300510897055,113.25180161904208,0.02591550763140038
112.49076764836349,0.0014111426110197667,281.10362420524876,0.03220228339478304,113.24794061376471,0.01769156639058167
112.48490406919856,0.001348343678163319,281.3822871356272,0.022823627780970135,114.08577875895611,0.02591550763140038
112.47904049003361,0.0012855447453068722,281.65945187820796,0.011107799202692892,114.08191775367874,0.01769156639058167
112.47317691086869,0.0012227458124504246,281.653459127017,0.0017591073448346428,114.92232990238841,0.03139813512528011
112.46731333170376,0.0011599468795939769,282.7890854776992,-0.0030350936079130975,114.91846889711101,0.023174193884461403
112.46144975253881,0.0010971479467375292,282.5014334205343,-0.007679475780887568,115.75630704230244,0.03139813512528011
113.25889651896992,0.003420503237155313,283.926210016179,-0.0054921215961960534,115.75244603702504,0.023174193884461403
113.253032939805,0.003357704304298865,284.49102681592467,-0.01256356800149927,116.58771017869819,0.02591550763140038
113.24716936064004,0.0032949053714424175,285.0633345546589,-0.007949149584479454,116.58384917342082,0.01769156639058167
113.24130578147512,0.00323210643858597,286.20045909313876,-0.01040617757276241,117.42168731861221,0.02591550763140038
113.2354422023102,0.003169307505729523,287.3390818194164,-0.01052603259658147,117.41782631333484,0.01769156639058167
113.22957862314524,0.0031065085728730754,288.57308916881635,-0.009876817884230338,118.25823846204452,0.03139813512528011
113.22371504398032,0.0030437096400166277,289.619323647567,-0.0060913967152895765,118.25437745676712,0.023174193884461403
113.2178514648154,0.00298091070716018,290.7564481860469,-0.008548424703572977,119.16171369695138,0.03139813512528011
113.21198788565044,0.0029181117743037333,290.46879612888205,-0.013192806876547447,118.87986031170263,0.023174193884461403
113.20612430648552,0.0028553128414472856,291.8935727245268,-0.011005452691855933,119.92490574011345,0.028656821378340247
113.20026072732057,0.002792513908590838,293.03519182639985,-0.006450961786745868,119.92104473483604,0.020432880137521536
113.19439714815564,0.0027297149757343903,293.0306972630067,-0.013462480680139777,120.75759587826832,0.02591550763140038
113.18853356899072,0.0026669160428779435,294.1738145526774,-0.006570816810564484,120.75373487299095,0.01769156639058167
113.18266998982577,0.002604117110021496,294.16931998928425,-0.013582335703958393,121.5889990146641,0.020432880137521536
113.17680641066084,0.002541318177165048,295.31243727895503,-0.0066906718343830995,121.58513800938672,0.012208938896702826
113.75143716882442,0.0024783140190378283,295.02328703399246,-0.013672226971822354,122.42555015809637,0.02591550763140038
113.74557358965947,0.0024155150861813806,296.5494410039505,-0.0013671111931032875,122.42104565193944,0.016320909517111737
113.73971001049455,0.002352716153324934,296.1649061358655,-0.009117736066711846,123.2595272980104,0.02591550763140038
113.7338464313296,0.002289917220468486,297.5986718582967,0.007092655904767042,123.25566629273303,0.01769156639058167
113.72798285216467,0.0022271182876120385,297.59267910710577,-0.0022560359530912066,124.0922174361653,0.023174193884461403
113.72211927299975,0.002164319354755591,298.1582450007502,-0.008158895876162031,124.08835643088793,0.014950252643641804
113.7162556938348,0.002101520421899144,298.73280002118105,-0.00003871801244548223,124.92233357080195,0.014950252643641804
113.71039211466987,0.0020387214890426964,299.2968677270278,-0.008278750899981091,125.75631071071598,0.014950252643641804
113.70452853550495,0.0019759225561862487,300.43474135940653,-0.009567192406032099,126.59028785063,0.014950252643641804
113.69866495634,0.001913123623329801,300.1470893022417,-0.01421157457900657,127.49676608964154,0.021346651386501492
113.69280137717507,0.0018503246904733543,301.5718658978864,-0.012024220394315055,127.21448370380642,0.012208938896702826
113.68693779801012,0.0017875257576169066,302.710488624164,-0.01214407541813367,128.2646771392537,0.028656821378340247
113.6810742188452,0.001724726824760459,303.8491113504416,-0.012263930441952287,128.26017263309674,0.019062223264051603
113.67521063968027,0.0016619278919040113,304.9877340767192,-0.012383785465770902,129.09479327389036,0.020432880137521536
113.66934706051532,0.0015991289590475636,306.12635680299684,-0.012503640489589962,129.090932268613,0.012208938896702826
114.09445654997307,0.0030434018021104686,307.2649795292744,-0.012623495513408578,129.9287704138044,0.020432880137521536
114.08859297080815,0.002980602869254021,308.4989868786744,-0.01197428080105789,129.92490940852701,0.012208938896702826
114.0827293916432,0.002917803936397574,309.5452213574251,-0.008188859632116685,130.7627475537184,0.020432880137521536
114.07686581247827,0.0028550050035411265,309.5407267940319,-0.015200378525510594,130.75888654844104,0.012208938896702826
114.07100223331332,0.002792206070684679,310.6823458959049,-0.010645887620400085,131.66665178921167,0.021346651386501492
114.0651386541484,0.002729407137828231,310.3946938387401,-0.015290269793374556,131.38436940337655,0.012208938896702826
114.05927507498347,0.0026666082049717843,311.8194704343848,-0.013102915608683485,132.435849840583,0.03139813512528011
114.05341149581852,0.0026038092721153367,312.95809316066243,-0.013222770632502101,132.43134533442603,0.02180353701099147
114.0475479166536,0.002541010339258889,314.1921005100624,-0.012573555920151414,133.26596597521961,0.023174193884461403
114.2439778186789,0.0015361248009203438,315.23833498881305,-0.008788134751210208,133.26210496994224,0.014950252643641804
114.23811423951398,0.001473325868063896,315.2338404254199,-0.015799653644604117,134.09865611337452,0.020432880137521536
114.23225066034902,0.0014105269352074484,316.3739613394952,-0.013582335703957948,134.09479510809714,0.012208938896702826
114.2263870811841,0.0013477280023510008,317.6079686888952,-0.012933120991607261,134.93263325328854,0.020432880137521536
114.22052350201915,0.001284929069494554,318.74958779076826,-0.008378630086496752,134.92877224801117,0.012208938896702826
114.21465992285422,0.0012221301366381063,319.79582226951896,-0.004593208917555991,135.76661039320257,0.020432880137521536
114.2087963436893,0.0011593312037816586,319.79132770612574,-0.0116047278109499,135.7627493879252,0.012208938896702826
114.20293276452435,0.001096532270925211,320.9314486202011,-0.009387409870303731,136.67051462869583,0.021346651386501492
114.19706918535942,0.0010337333380687642,321.49701451384556,-0.015290269793374556,136.3882322428607,0.012208938896702826
114.1912056061945,0.0009709344052123165,322.63638633402206,-0.01424153833496078,137.43585167478975,0.023174193884461403
114.18534202702955,0.0009081354723558688,323.77800543589507,-0.00968704742985027,137.43199066951237,0.014950252643641804
114.17947844786462,0.0008453365394994212,323.7735108725019,-0.01669856632324418,138.26854181294465,0.020432880137521536
114.17361486869967,0.0007825376066429744,324.91363178657724,-0.014481248382598455,138.26468080766728,0.012208938896702826
114.16775128953475,0.0007197386737865267,326.0552508884503,-0.009926757477487946,139.10251895285867,0.020432880137521536
114.16188771036983,0.0006569397409300791,325.76610064348773,-0.0169083126149272,139.0986579475813,0.012208938896702826
114.15602413120487,0.0005941408080736314,327.2892582378503,-0.009277542765137259,139.9364960927727,0.020432880137521536
114.15089349943557,0.0005391917418242397,328.3384890921964,-0.000817775667266929,139.93263508749533,0.012208938896702826
114.82154036642495,0.00046830351287816853,328.33399452880326,-0.007829294560660838,140.77047323268673,0.020432880137521536
114.71746183624734,0.0003898390510194052,329.4756136306763,-0.003274803655550329,140.76661222740935,0.012208938896702826
114.71159825708241,0.0003270401181629575,329.47036997338427,-0.011454909031176186,141.60445037260075,0.020432880137521536
114.70573467791749,0.00026424118530650985,330.608243605763,-0.012743350537227638,142.01757793728038,0.012208938896702826
115.37662586070539,0.0001959695785627904,330.32059154859814,-0.017387732710201664,142.43842751251478,0.020432880137521536
115.58673744744888,0.00037383147989913414,331.74536814424283,-0.015200378525510594,142.64306079221592,0.012208938896702826
116.4384223211556,0.0001694271102095201,332.8869872461159,-0.010645887620400085,143.34233174800804,0.021346651386501492
116.14524336290887,0.00013813025641668322,332.8824926827227,-0.017657406513793994,144.10895579586108,0.02591550763140038
117.10882487234642,0.00009592225906109725,334.02261359679807,-0.015440088573147825,144.1050947905837,0.01769156639058167
118.17257585918492,0.00009031276832664227,335.1612363230757,-0.015559943596966441,144.9429329357751,0.02591550763140038
119.33356453384195,0.00008990231778509793,336.3028554249487,-0.011005452691855933,144.93907193049773,0.01769156639058167
119.32916684946827,0.00004280311814276218,336.0137051799861,-0.017987007829295187,145.77691007568913,0.02591550763140038
120.49162141891651,0.000058092400815328016,337.4414781512263,-0.011125307715674992,145.77304907041176,0.01769156639058167
121.74984778139202,0.00006288099046669257,338.5801008775039,-0.011245162739493608,146.61088721560316,0.02591550763140038
122.81653055781297,0.00008867096616046143,339.7202217915793,-0.009027844798847884,146.60702621032578,0.01769156639058167
123.98045102205248,0.00011965998204713918,340.955727328777,-0.006041457122032412,147.44486435551718,0.02591550763140038
123.97605333767876,0.00007256078240480343,342.00046361972994,-0.004593208917555991,147.4410033502398,0.01769156639058167
125.14143969670948,0.00011924953150559484,341.7128115625651,-0.009237591090530461,148.2788414954312,0.02591550763140038
125.13704201233577,0.00007215033186325909,343.13758815820984,-0.007050236905839391,148.27498049015384,0.01769156639058167
126.29949658178401,0.00008743961453582492,344.3715955076098,-0.006401022193488259,149.1153926388635,0.03139813512528011
127.46048525644102,0.00008702916399427885,345.42082636195596,0.0020587449043816264,149.11088813270655,0.02180353701099147
127.16584040340308,0.00004003257698733005,345.41558270466385,-0.0061213604712446745,149.94936977877754,0.03139813512528011
128.6244057206805,0.00011801817988095833,346.6573306910188,0.006603247890839992,149.94550877350014,0.023174193884461403
128.62000803630679,0.00007091898023862259,346.55570361873924,-0.003904042530598506,150.78334691869156,0.03139813512528011
129.78539439533753,0.00011760772933941226,347.71305369248853,0.025190764501389573,150.77948591341416,0.023174193884461403
130.94638306999454,0.00011719727879786791,347.7070609412976,0.015842072643531324,151.6173240586056,0.03139813512528011
132.10737174465154,0.00011678682825632183,347.41641250853723,0.006523344541627729,151.61281955244863,0.02180353701099147
133.26836041930855,0.00011637637771477576,348.38324303400805,0.034469540928686815,152.44872719500134,0.02591550763140038
134.5265867817841,0.00012116496736613858,349.52785851147655,0.04369837776272645,152.44486618972397,0.01769156639058167
135.59326955820507,0.00014695494305990917,349.42623143919695,0.03319108734128706,153.35263143049463,0.026829278880380336
136.16936621115985,0.00009965051814680125,350.28993670459045,0.048292820342442866,154.11925547834767,0.03139813512528011
136.75425823286207,0.00014654449251836482,350.5671014471712,0.03657699176416562,154.11539447307027,0.023174193884461403
137.33035488581686,0.00009924006760525517,350.56110869598024,0.027228299906307374,154.9532326182617,0.03139813512528011
137.91378101272784,0.00013043430876270683,350.5551159447893,0.017879608048449125,154.94872811210473,0.02180353701099147
139.0733037925936,0.00011432412500704883,350.26746388762444,0.013235225875474654,155.78463575465747,0.02591550763140038
139.0689061082199,0.00006722492536471308,351.2118215961292,0.0061238277955655285,155.7807747493801,0.01769156639058167
140.23136067766816,0.00008251420803728066,352.25106453182383,-0.0009975582029952967,156.6186128945715,0.02591550763140038
141.39234935232517,0.00008210375749573458,352.24656996843066,-0.008009077096388761,156.61475188929413,0.01769156639058167
141.67819883661573,0.000034901945218011876,353.38818907030367,-0.0034545861912782527,157.45259003448552,0.02591550763140038
142.55333802698217,0.0000816933069541885,353.3836945069105,-0.010466105084672161,157.24023474422964,0.01769156639058167
143.71725849122166,0.00011268232284086799,354.5268117965813,-0.0035744412150968685,158.28914117791783,0.03139813512528011
143.71286080684794,0.00006558312319853224,354.5223172331881,-0.010585960108490777,158.28528017264043,0.023174193884461403
144.8782471658787,0.00011227187229932191,355.66243814726346,-0.008368642167845053,159.19519041634294,0.03688076261915896
144.87311653410939,0.0000573228060499302,355.65794358387024,-0.015380161061238962,158.91333703109422,0.028656821378340247
146.03630405095322,0.00008046195532955373,356.89344912106793,-0.012393773384423046,159.958382459505,0.03413944887221998
146.03117341918392,0.000025512889080162027,358.0380645985365,-0.0031649365503838567,159.95387795334804,0.024544850757931336
147.19729272561023,0.00008005150478800765,357.6535297304515,-0.010915561423992415,160.78849859414163,0.02591550763140038
147.19289504123654,0.000032952305145671906,359.0842990772872,0.0006204846185573487,160.78463758886426,0.01769156639058167
148.35828140026723,0.00007964105424646158,359.0790554199951,-0.007559620757068952,161.62247573405566,0.02591550763140038
148.35388371589355,0.00003254185460412583,360.2184272401716,-0.006510889298655176,161.61861472877828,0.01769156639058167
149.5163382853418,0.0000478311372766934,359.93077518300674,-0.011155271471629646,162.45645287396968,0.02591550763140038
149.51194060096807,7.319376343576517e-7,361.45093640177384,-0.008198847550768829,162.4525918686923,0.01769156639058167
150.67732695999882,0.00004742068673514732,362.02873749576645,0.00498520506928779,163.29300401740198,0.03139813512528011
150.6729292756251,3.2148709281157317e-7,362.6070379856916,0.018948315344165856,163.28849951124502,0.02180353701099147
151.83978152944704,0.0000627099694077149,362.4971708805245,-0.004413426381828067,164.126981157316,0.03139813512528011
151.83465089767773,0.000007760903158323187,363.07247499485425,0.00487533796412043,164.1231201520386,0.023174193884461403
153.09654199713134,0.0000517988258449658,363.65227367257717,0.02117562120346328,164.96095829723004,0.03139813512528011
154.1632247735523,0.00007758880153873465,363.6462809213863,0.01182692934560503,164.95709729195264,0.023174193884461403
153.86857992051435,0.00003059221453178586,364.210348627233,0.003586896458069866,165.86486253272327,0.03231190637426007
155.32714523779177,0.00010857781742541414,364.7864018354616,0.014044247286250755,165.58258014688815,0.023174193884461403
155.32274755341805,0.00006147861778307839,365.37968420336415,0.05137908720577444,166.70613268260567,0.047846017606917535
156.4881339124488,0.00010816736688386806,365.3736914521732,0.042030395347916194,166.63084307969677,0.035510105745689025
156.4837362280751,0.00006106816724153231,365.3676987009823,0.032681703490057945,166.41913129032045,0.028656821378340247
157.6491225871058,0.00010775691634232198,365.36170594979137,0.023333011632199696,167.4912037556729,0.09170703755795184
157.6447249027321,0.000060657716699986236,365.35046954130837,0.00580421439871559,167.48605574863637,0.08074178257019327
158.80864536697158,0.00009164673258666572,366.00293032722135,0.13545738641458893,167.48090774159988,0.06977652758243469
158.51546640872485,0.00006034987879382711,365.9969375760304,0.12610869455673068,167.47575973456338,0.05881127259467611
159.96816814683734,0.00007553654883100773,365.99094482483946,0.11676000269887243,167.47061172752686,0.047846017606917535
160.54426479979216,0.00002823212391789981,365.9849520736485,0.10741131084101418,167.25825643727097,0.039622076366098824
161.12915682149438,0.00007512609828946339,365.97895932245757,0.09806261898315594,168.1166866106084,0.09170703755795184
161.41500630578494,0.000027924286011740684,365.9729665712666,0.08871392712529813,168.31874588679128,0.0780004688232534
162.3873831839699,0.0000799146879408262,365.96697382007574,0.07936523526743988,168.31359787975478,0.06703521383549482
163.4555318551821,0.00012140439684870698,365.9609810688848,0.07001654340958163,168.30844987271826,0.056069958847736245
163.16088700214414,0.00007440780984175818,365.95498831769385,0.060667851551723384,168.30330186568176,0.04510470385997767
164.71229232286638,0.00011049325328595788,365.6403688801698,0.013954356018386793,168.2994408604044,0.03688076261915896
165.77897509928735,0.00013628322897972847,366.7929746925596,0.33170999999905026,169.13470500207754,0.039622076366098824
165.48433024624939,0.00008928664197277968,366.6905985263811,0.3200341230953794,169.1302004959206,0.03002747825181018
167.0372014617629,0.0001410718186310913,366.68460577519016,0.3106854312375211,169.96739514023244,0.03688076261915896
168.1097478173488,0.00022966072718130955,366.6786130239992,0.3013367393796629,169.96353413495507,0.028656821378340247
168.10461718557946,0.00017471166093191784,366.6726202728083,0.29198804752180463,170.80137228014647,0.03688076261915896
169.27366828158824,0.0002606497430679873,366.66662752161733,0.2826393556639464,170.7975112748691,0.028656821378340247
168.9790234285503,0.0002136531560610385,366.66063477042644,0.27329066380608813,171.6353494200605,0.03688076261915896
169.8600261980817,0.0003232434506536628,366.6546420192355,0.2639419719482299,171.63148841478312,0.028656821378340247
170.55486032912643,0.0005114008197404356,366.64864926804455,0.25459328009037163,172.46932655997452,0.03688076261915896
170.45078179894884,0.0004329363578816723,366.6426565168536,0.24524458823251338,172.46482205381756,0.027286164504870314
170.4449182197839,0.00037013742502522463,366.63666376566266,0.23589589637465558,173.3007296963703,0.03139813512528011
170.144409787581,0.0002603419051618282,366.6306710144718,0.22654720451679733,173.2968686910929,0.023174193884461403
171.15001361436728,0.0006681929266107826,366.6246782632808,0.21719851265893908,174.20463393186353,0.03231190637426007
171.04593508418967,0.0005897284647520184,366.6186855120899,0.20784982080108083,173.9223515460284,0.023174193884461403
171.330318673689,0.0005268269192601838,366.61269276089894,0.19850112894322258,174.9712579797166,0.03688076261915896
172.21718502238534,0.0006992161467092558,366.606700009708,0.18915243708536433,174.96739697443923,0.028656821378340247
172.2113214432204,0.0006364172138528081,366.60070725851705,0.17980374522750608,175.80523511963062,0.03688076261915896
171.91667659018245,0.0005894206268458593,366.59471450732616,0.17045505336964784,175.80137411435325,0.028656821378340247
172.90615557426514,0.0008245745829395827,366.5887217561352,0.1611063615117896,176.6417862630629,0.04236339011303869
172.80207704408755,0.0007461101210808193,366.58272900494427,0.15175766965393134,176.63792525778553,0.03413944887221998
173.4456048574391,0.001420993424016856,366.5767362537533,0.14240897779607353,177.4744764012178,0.039622076366098824
173.43974127827417,0.0013581944911604084,366.2336512480723,0.05128919593791048,177.47061539594043,0.03139813512528011
173.43387769910922,0.0012953955583039616,366.22765849688136,0.04194050408005223,178.3071665393727,0.03688076261915896
173.4280141199443,0.001232596625447514,366.2216657456905,0.03259181222219398,178.30330553409533,0.028656821378340247
173.42215054077934,0.0011697976925910663,366.21717118229725,0.02558029332880052,179.14114367928673,0.03688076261915896
173.41628696161442,0.0011069987597346186,367.3892534360575,0.3737191858475031,179.13728267400936,0.028656821378340247
173.4104233824495,0.001044199826878171,367.2868772698791,0.36204330894383174,179.97512081920075,0.03688076261915896
173.40455980328454,0.0009814008940217242,367.2808845186882,0.3526946170859735,179.97125981392338,0.028656821378340247
173.39869622411962,0.0009186019611652765,367.27489176749725,0.34334592522811525,180.80909795911478,0.03688076261915896
173.08499473879561,0.0006675088423748737,366.85390099633406,0.13069314921779585,180.8052369538374,0.028656821378340247
173.08059705442193,0.0006204096427325379,366.8479082451431,0.1213444573599376,181.64178809726968,0.03413944887221998
174.06714424892215,0.0018603807287412158,366.8419154939522,0.11199576550207935,181.63792709199228,0.02591550763140038
174.0612806697572,0.001797581795884769,366.8359227427613,0.1026470736442211,182.4744782354246,0.03139813512528011
174.05541709059227,0.0017347828630283214,366.82992999157034,0.0932983817863633,182.4706172301472,0.023174193884461403
174.04955351142732,0.0016719839301718737,366.8239372403794,0.08394968992850504,183.30845537533864,0.03139813512528011
174.0436899322624,0.001609184997315426,366.81794448918845,0.0746009980706468,183.30459437006124,0.023174193884461403
174.03782635309747,0.0015463860644589792,366.8119517379975,0.06525230621278855,184.1450065187709,0.03688076261915896
174.03196277393252,0.0014835871316025316,367.8367121916474,0.33160013289388335,184.14114551349354,0.028656821378340247
173.68307981361895,0.0008557004156734428,367.83071944045645,0.3222514410360251,184.97898365868494,0.03688076261915896
174.6065935320961,0.0014205829734753109,367.8247266892655,0.31290274917816685,184.97512265340757,0.028656821378340247
174.60072995293118,0.0013577840406188632,367.81873393807456,0.3035540573203086,185.81167379683984,0.03413944887221998
174.59486637376622,0.0012949851077624164,367.8127411868836,0.29420536546245035,185.80781279156244,0.02591550763140038
174.5890027946013,0.0012321861749059687,367.8067484356927,0.28485667360459255,186.64436393499474,0.03139813512528011
174.58313921543635,0.001169387242049521,367.8007556845018,0.2755079817467343,186.64050292971734,0.023174193884461403
174.57727563627142,0.0011065883091930734,367.79476293331084,0.26615928988887605,187.47834107490877,0.03139813512528011
174.5714120571065,0.0010437893763366258,367.7887701821199,0.2568105980310178,187.47319306787224,0.020432880137521536
174.56554847794155,0.000980990443480179,367.78277743092895,0.24746190617315955,188.3123182148228,0.03139813512528011
174.56041784617224,0.0009260413772307872,367.77678467973806,0.2381132143153013,188.30781370866583,0.02180353701099147
174.9378857549149,0.0018600728908350567,367.7707919285471,0.22876452245744305,189.14629535473682,0.03139813512528011
174.93202217574995,0.00179727395797861,367.76479917735617,0.2194158305995848,189.14243434945942,0.023174193884461403
174.92615859658503,0.0017344750251221622,367.7588064261652,0.21006713874172656,190.05019959023002,0.03231190637426007
175.21054218608433,0.0016715734796303276,367.7528136749743,0.2007184468838683,190.81682363808312,0.03688076261915896
175.20321271212816,0.001593074813559768,367.74682092378333,0.1913697550260105,190.81231913192616,0.027286164504870314
175.19734913296324,0.0015302758807033212,367.74082817259244,0.18202106316815225,191.64951377623802,0.03413944887221998
175.1914855537983,0.0014674769478468736,367.7348354214015,0.172672371310294,191.64500927008106,0.024544850757931336
175.47440324850638,0.001388875669140928,367.72884267021055,0.16332367945243575,192.48220391439293,0.03139813512528011
175.46853966934145,0.0013260767362844803,367.7228499190196,0.1539749875945775,192.47834290911553,0.023174193884461403
175.4626760901765,0.0012632778034280335,367.71760626172755,0.14579488221895165,193.31618105430695,0.03139813512528011
175.45681251101158,0.0012004788705715858,368.15133162917147,0.3783136284272195,193.31232004902955,0.023174193884461403
175.7411961005109,0.001137577325079752,368.1453388779805,0.36896493656936125,194.15273219773923,0.03688076261915896
175.73533252134595,0.0010747783922233044,368.424001808359,0.35958628095554834,194.1475841907027,0.02591550763140038
175.72946894218103,0.0010119794593668576,368.41800905716804,0.3502375890976901,194.984135334135,0.03139813512528011
175.72213946822487,0.000933480793296298,368.41201630597715,0.34088889723983185,194.9802743288576,0.023174193884461403
175.71627588905992,0.0008706818604398503,368.2801757797766,0.13521767636695126,195.81811247404903,0.03139813512528011
175.710412309895,0.0008078829275834027,368.27418302858564,0.125868984509093,195.81425146877163,0.023174193884461403
175.70454873073007,0.0007450839947269559,368.2681902773947,0.11652029265123476,196.65208961396306,0.03139813512528011
175.69868515156512,0.0006822850618705082,368.26219752620375,0.10717160079337651,196.64822860868566,0.023174193884461403
175.6928215724002,0.0006194861290140605,368.2562047750128,0.09782290893551826,197.48606675387708,0.03139813512528011
175.39964261415346,0.0005881892752212228,368.25021202382186,0.08847421707766046,197.27371146362117,0.023174193884461403
176.26598643577253,0.0005407822376727279,368.24421927263097,0.0791255252198022,198.32261789730936,0.03688076261915896
176.58555150026146,0.0008546742893195793,368.23822652144,0.06977683336194396,198.31875689203198,0.028656821378340247
176.5796879210965,0.0007918753564631316,368.2322337702491,0.06042814150408571,199.15916904074163,0.04236339011303869
176.57382434193158,0.0007290764236066848,368.226990112957,0.05224803612845985,199.15530803546426,0.03413944887221998
176.56796076276663,0.0006662774907502372,368.6906792363556,0.33151024162601894,199.99185917889653,0.039622076366098824
176.5620971836017,0.0006034785578937895,368.68468648516466,0.3221615497681607,199.98799817361916,0.03139813512528011
176.84135014133173,0.0004856279461525649,368.6786937339737,0.31281285791030244,200.82454931705144,0.03688076261915896
177.42697511042957,0.0005403717871311827,368.67270098278277,0.3034641660524442,200.82068831177406,0.028656821378340247
178.00160586859312,0.0004773676290039629,368.6667082315918,0.29411547419458595,201.65852645696546,0.03688076261915896
177.9957422894282,0.0004145686961475152,368.66071548040094,0.28476678233672814,201.6546654516881,0.028656821378340247
177.98987871026327,0.00035176976329106754,368.65472272921,0.2754180904788699,202.4925035968795,0.03688076261915896
177.98474807849394,0.00029682069704167757,368.64872997801905,0.26606939862101164,202.48864259160212,0.028656821378340247
178.6558835770804,0.00023116571250030894,368.6427372268281,0.2567207067631534,203.3264807367935,0.03688076261915896
178.85768842667355,0.0003200624589566863,368.63674447563716,0.24737201490529515,203.32261973151614,0.028656821378340247
179.72110045871014,0.00024125595497996762,368.63075172444627,0.2380233230474369,204.16045787670754,0.03688076261915896
179.71670277433643,0.00019415675533763187,368.6247589732553,0.22867463118957865,204.15659687143017,0.028656821378340247
180.8806232385759,0.00022514577122430962,368.6187662220644,0.2193259393317204,205.06436211220077,0.03779453386813891
180.87549260680657,0.00017019670497491791,368.61277347087344,0.20997724747386215,204.7820797263657,0.028656821378340247
182.03721422885923,0.0001776361210404278,368.6067807196825,0.2006285556160039,205.83098616005384,0.04236339011303869
182.03208359708992,0.0001226870547910361,368.60078796849155,0.1912798637581461,205.61863086979798,0.03413944887221998
183.19380521914255,0.0001301264708565477,368.8779527110723,0.1795640351798684,206.6675373034861,0.047846017606917535
184.35479389379955,0.00012971602031500162,368.8719599598814,0.17021534332201016,206.66367629820874,0.039622076366098824
184.35039620942584,0.00008261682067266587,368.86596720869045,0.1608666514641519,207.50151444340014,0.047846017606917535
185.51578256845656,0.00012930556977345728,368.8599744574995,0.15151795960629366,207.49765343812277,0.039622076366098824
185.51138488408284,0.00008220637013112153,368.85398170630856,0.14216926774843586,208.33549158331417,0.047846017606917535
186.67677124311356,0.0001288951192319112,368.88444485819576,0.04166084235780865,208.3316305780368,0.039622076366098824
186.67237355873985,0.00008179591958957545,368.50040938604343,0.03468927513902109,209.16689471970997,0.04236339011303869
187.8377599177706,0.00012848466869036512,369.1311464488893,0.13045343917015817,209.1630337144326,0.03413944887221998
187.83336223339688,0.00008138546904802937,369.12515369769835,0.12110474731229992,210.000871859624,0.04236339011303869
188.99581680284513,0.00009667475172059695,369.1191609465074,0.11175605545444167,209.99636735346706,0.032768791998750046
190.15680547750213,0.00009626430117905087,369.1131681953165,0.10240736359658342,210.83227499601978,0.03688076261915896
191.31779415215914,0.00009585385063750652,369.1071754441256,0.09305867173872562,210.8284139907424,0.028656821378340247
192.57602051463468,0.00010064244028886761,369.10118269293463,0.08370997988086737,211.73617923151298,0.03779453386813891
193.64270329105565,0.0001264324159826382,369.0951899417437,0.07436128802300912,211.45389684567792,0.028656821378340247
194.8066237552951,0.0001574214318693177,369.08919719055274,0.06501259616515087,212.50151627760695,0.039622076366098824
194.80222607092142,0.00011032223222698194,369.08320443936185,0.05566390430729262,212.49701177145002,0.03002747825181018
195.9705442195346,0.00018841044775599544,369.4447670945482,0.027577877059111966,213.33420641576186,0.03688076261915896
195.9661465351609,0.0001413112481136597,369.34239092836975,0.015902000155440632,213.33034541048448,0.028656821378340247
197.13006699940036,0.00017230026400033745,369.3363981771788,0.006553308297582383,214.16818355567588,0.03688076261915896
196.83688804115366,0.00014100341020750057,369.64352667571416,0.04158093900859594,214.1643225503985,0.028656821378340247
198.28958977926615,0.0001561900802446812,369.8989676952278,-0.004023897554417566,215.0021606955899,0.03688076261915896
199.45351024350563,0.00018717909613135894,370.47352271565865,0.004096280309298983,214.99829969031254,0.028656821378340247
199.44911255913195,0.0001400798964890232,371.0368413276065,-0.00531233906046813,215.83613783550393,0.03688076261915896
200.61449891816264,0.0001867686455898146,371.707030669126,0.003966437366828668,215.83227683022656,0.028656821378340247
200.3198540651247,0.00013977205858286407,372.1732167721875,-0.008937953530983922,216.67011497541796,0.03688076261915896
201.77548759281964,0.00018635819504826852,372.4691088622399,0.00856087994654553,216.665610469261,0.027286164504870314
201.77108990844596,0.00013925899540593277,372.74627360482066,-0.0031549486317317132,217.50151811181374,0.03139813512528011
202.9335444778942,0.0001545482780784986,373.40347865209316,-0.014131671229794307,217.49765710653634,0.023174193884461403
204.0945331525512,0.00015413782753695426,374.5421013783708,-0.014251526253612923,218.33549525172776,0.03139813512528011
204.670629805506,0.00010683340262384461,375.6862174599067,-0.005801747074394292,218.33163424645036,0.023174193884461403
205.25405593241697,0.00013802764378129627,375.30218198775435,-0.012773314293182292,219.1694723916418,0.03139813512528011
206.4135787122828,0.00012191746002564001,376.73145314679226,-0.0035744412150973126,219.1656113863644,0.023174193884461403
207.5745673869398,0.00012150700948409393,376.7254603956014,-0.012923133072955562,220.00344953155582,0.03139813512528011
208.7355560615968,0.00012109655894254785,377.864083121879,-0.013042988096774177,219.99958852627842,0.023174193884461403
209.89654473625382,0.00012068610840100351,377.5764310647141,-0.017687370269748648,220.9094987699809,0.03688076261915896
211.05753341091082,0.00012027565785945743,379.0965922834812,-0.01473094634888783,220.6276453847322,0.028656821378340247
212.21852208556783,0.00011986520731791135,380.1428267622319,-0.010945525179946625,221.672690813143,0.03413944887221998
212.2141244011941,0.0000727660076755756,379.85367651726926,-0.01792708031738588,221.6688298078656,0.02591550763140038
213.3780448654336,0.00010375502356225509,381.2814494885095,-0.011065380203765685,222.5053809512979,0.03139813512528011
213.0848659071869,0.00007245816976941648,381.2769549251163,-0.018076899097159593,222.5015199460205,0.023174193884461403
214.53756764529936,0.0000876448398065971,382.41707583919157,-0.015859581156513425,223.34193209473017,0.03688076261915896
215.79579400777487,0.00009243342945795992,383.5556985654692,-0.01597943618033204,223.3380710894528,0.028656821378340247
216.86101088940467,0.00010252367193761859,384.79270229046466,-0.010655875539052229,224.1759092346442,0.03688076261915896
216.5678319311579,0.00007122681814478171,384.4081674223797,-0.018406500412660787,224.17204822936682,0.028656821378340247
218.0234654588529,0.00011781295461018443,385.93681837200063,-0.002206096359833598,225.00988637455822,0.03688076261915896
218.0190677744792,0.00007071375496784868,385.55278289984824,-0.009177663578621154,225.00602536928085,0.028656821378340247
219.18445413350992,0.00011740250406864008,386.9865486222793,0.007032728392856846,225.84257651271315,0.03413944887221998
220.34544280816692,0.000116992053527094,386.9805558710884,-0.0023159634650009586,225.83871550743575,0.02591550763140038
221.50643148282393,0.00011658160298554966,386.9760613076952,-0.009327482358394867,226.67526665086802,0.03139813512528011
222.76710100328484,0.0001475364146604312,388.1146840339728,-0.009447337382213483,226.67140564559062,0.023174193884461403
222.37570709402547,0.00010057403186527862,387.827031976808,-0.014091719555187954,227.50924379078208,0.03139813512528011
223.8372042008853,0.000209959101187129,389.2518085724527,-0.01190436537049644,227.5053827855047,0.023174193884461403
223.832073569116,0.0001550100349377373,389.8166253721983,-0.018975811775799656,228.34322093069608,0.03139813512528011
224.42942569654372,0.0003353517416292504,390.3889331109326,-0.01436139335877984,228.3393599254187,0.023174193884461403
224.42356211737876,0.0002725528087728045,391.5260576494124,-0.016818421347062795,229.17977207412838,0.03688076261915896
225.1359869859183,0.0006491069764289203,392.66468037569,-0.01693827637088141,229.17526756797145,0.027286164504870314
225.03190845574073,0.0005706425145701561,393.80330310196763,-0.01705813139470047,230.01374921404238,0.03688076261915896
225.02604487657578,0.0005078435817137085,394.9419258282452,-0.017177986418519087,230.009888208765,0.028656821378340247
225.02018129741083,0.00044504464885726167,396.0805485545228,-0.017297841442337702,230.84772635395643,0.03688076261915896
225.01431771824593,0.000382245716000814,397.2191712808004,-0.01741769646615632,230.84386534867906,0.028656821378340247
224.70941160166933,0.0002253509964950818,398.35779400707804,-0.017537551489974934,231.68170349387043,0.03688076261915896
225.78391248364358,0.0013710894790072937,398.9226108068237,-0.02460899789527815,231.67784248859306,0.028656821378340247
225.67983395346596,0.0012926250171485295,399.4949185455579,-0.019994579478258778,232.51568063378448,0.03688076261915896
225.673970374301,0.0012298260842920827,400.6320430840378,-0.022451607466541734,232.5118196285071,0.028656821378340247
225.6681067951361,0.001167027151435635,401.77366218591084,-0.017897116561431226,233.41958486927768,0.03779453386813891
225.66224321597116,0.0011042282185791874,401.48451194094827,-0.02487867169887048,233.13730248344262,0.028656821378340247
225.6563796368062,0.0010414292857227397,402.91228491218845,-0.01801697158524984,234.25613601271,0.04327716136201776
225.6505160576413,0.000978630352866293,404.050907638466,-0.018136826609068457,233.97385362687487,0.03413944887221998
225.64465247847636,0.0009158314200098452,405.284914987866,-0.01748761189671777,235.0214730588039,0.04510470385997767
225.6387888993114,0.0008530324871533976,406.33114946661675,-0.013702190727777008,235.01696855264697,0.035510105745689025
225.63292532014646,0.0007902335542969499,406.3266549032235,-0.020713709621170917,235.85416319695884,0.04236339011303869
225.62706174098156,0.0007274346214405031,407.46677581729887,-0.01849639168052475,235.85030219168146,0.03413944887221998
226.84522031249668,0.0013393137662493192,407.4622812539057,-0.025507910573918657,236.75806743245204,0.04327716136201776
226.83935673333173,0.0012765148333928732,408.602402167981,-0.02329059263327249,236.47578504661698,0.03413944887221998
226.83349315416677,0.0012137159005364256,409.7410248942586,-0.023410447657091105,237.52469148030514,0.047846017606917535
226.82762957500188,0.001150916967679978,410.8796476205362,-0.02353030268090972,237.52083047502776,0.039622076366098824
226.82176599583693,0.0010881180348235302,412.0182703468138,-0.02365015770472878,238.36124262373738,0.05332864510079727
226.81590241667197,0.0010253191019670826,413.1568930730914,-0.023770012728547396,238.35673811758045,0.04373404698650862
226.81003883750708,0.0009625201691106349,414.295515799369,-0.023889867752366012,239.19521976365144,0.05332864510079727
226.80417525834213,0.0008997212362541872,415.4371349012421,-0.019335376847255503,239.1907152574945,0.04373404698650862
226.79831167917717,0.0008369223033977396,416.67114225064205,-0.018686162134904816,239.60384282217416,0.035510105745689025
226.79244810001228,0.0007741233705412919,417.8127613525151,-0.014131671229794307,240.02533589828806,0.04510470385997767
227.3670788581759,0.000711119212414073,417.4282264844301,-0.021882296103402865,240.4371764612086,0.03413944887221998
227.36121527901093,0.0006483202795576253,418.86498858245676,-0.0009975582029957408,240.858026036443,0.04236339011303869
227.35535169984604,0.0005855213467011776,418.8597449251647,-0.009177663578621598,241.27115360112265,0.03413944887221998
227.3494881206811,0.00052272241384473,420.0066076843298,0.003556932702114768,241.69071617459787,0.039622076366098824
227.34362454151614,0.00045992348098828316,420.00211312093666,-0.003454586191278697,242.1025567375184,0.028656821378340247
227.33776096235118,0.0003971245481318355,421.14373222280966,0.0010999047138318119,242.5234063127528,0.03688076261915896
227.33263033058188,0.0003421754818824438,421.1377394716187,-0.008248787144026437,242.93653387743245,0.028656821378340247
227.66318960600506,0.0007738155326351337,421.99620107972015,-0.0013271595184969343,243.3573834526668,0.03688076261915896
228.00327719757126,0.0002712872529363735,422.2748640100986,-0.010705815132309393,243.77051101734645,0.028656821378340247
227.9006645621849,0.00020852252429172033,422.27036944670544,-0.017717334025703302,244.19136059258085,0.03688076261915896
229.06018734205065,0.00019241234053606407,423.4104903607808,-0.015500016085057133,244.67355725166692,0.02774305012936029
229.055789657677,0.00014531314089372832,424.5521094626538,-0.010945525179947069,245.50967939451277,0.03231190637426007
230.21824422712524,0.00016060242356629416,424.2629592176913,-0.017927080317386324,246.27630344236593,0.03688076261915896
230.21384654275153,0.00011350322392395841,425.6907321889314,-0.011065380203765685,246.27115543532943,0.02591550763140038
231.37630111219977,0.00012879250659652425,426.3499348199342,-0.018925872182542047,247.11028058227993,0.03688076261915896
231.083122153953,0.00009749565280368737,427.3926735271569,-0.020593854597351857,247.10641957700255,0.028656821378340247
232.53582389206554,0.00011268232284086799,427.95749032690253,-0.027665301002655074,247.94425772219398,0.03688076261915896
233.69681256672254,0.00011227187229932191,428.5312962534345,-0.020713709621170473,247.9403967169166,0.028656821378340247
234.85780124137955,0.00011186142175777583,429.0961130531801,-0.02778515602647369,248.77823486210798,0.03688076261915896
236.01878991603655,0.00011145097121623149,429.66842079191434,-0.023170737609453873,248.7743738568306,0.028656821378340247
237.18271038027603,0.00014243998710290924,430.80554533039424,-0.025627765597737273,249.61221200202203,0.03688076261915896
237.17831269590232,0.00009534078746057349,431.94416805667186,-0.02574762062155589,249.60835099674466,0.028656821378340247
238.34223316014186,0.00012632980334725298,433.0827907829494,-0.025867475645374505,250.5182612404471,0.04236339011303869
238.0490542018951,0.00009503294955441437,434.22141350922703,-0.02598733066919312,250.2351208534393,0.03139813512528011
239.50175594000763,0.00011021961959159499,435.36003623550465,-0.026107185693011736,251.29561030295957,0.06977652758243469
240.66274461466463,0.00010980916905004891,436.50015714958,-0.023889867752366012,251.29046229592308,0.05881127259467611
241.82373328932164,0.00010939871850850456,437.64177625145305,-0.019335376847255947,251.28595778976614,0.04921667448038747
242.39982994227643,0.00006209429359539491,437.63728168805983,-0.026346895740649412,252.12830044111445,0.06703521383549482
242.98472196397864,0.00010898826796695849,438.77740260213517,-0.024129577800003688,252.12315243407795,0.056069958847736245
243.56081861693343,0.00006168384305385056,438.4897505449703,-0.028773959972978158,252.11800442704146,0.04510470385997767
244.14571063863565,0.0001085778174254124,439.91452714061506,-0.026586605788286644,252.5989140843684,0.033225677623240024
245.30669931329265,0.00010816736688386806,441.0531498668927,-0.02670646081210526,252.7447742837361,0.047846017606917535
246.56492567576817,0.00011295595653523088,442.19177259317024,-0.026826315835923875,253.36510913163517,0.03688076261915896
247.63160845218914,0.00013874593222900147,443.33039531944786,-0.026946170859742935,253.36060462547823,0.027286164504870314
248.79552891642868,0.00016973494811567923,444.56440266884783,-0.026296956147391803,254.19651226803092,0.03139813512528011
248.79113123205497,0.00012263574847334348,445.61063714759854,-0.022511534978451042,254.19265126275354,0.023174193884461403
249.95651759108569,0.00016932449757413315,445.6061425842054,-0.02952305387184495,255.03048940794497,0.03139813512528011
249.95211990671197,0.0001222252979317974,446.74626349828065,-0.027305735931198782,255.0266284026676,0.023174193884461403
251.11457447616021,0.00013751458060436497,447.8848862245583,-0.027425590955017398,255.86446654785897,0.03139813512528011
252.2784949403997,0.00016850359649104273,449.0235089508359,-0.027545445978836014,255.8606055425816,0.023174193884461403
251.9838500873617,0.00012150700948409393,450.16213167711345,-0.027665301002655074,256.698443687773,0.03139813512528011
253.44241540463912,0.00019949261237772221,450.7276975707579,-0.0335681609257259,256.6939391816161,0.02180353701099147
253.14777055160118,0.00015249602537077168,451.86706939093443,-0.03251942946731212,257.52984682416877,0.02591550763140038
254.7035735566971,0.00023568066845730713,453.00569211721205,-0.03263928449113074,257.5259858188914,0.01769156639058167
254.31169101584067,0.00018348504125745117,454.1443148434896,-0.032759139514949354,258.3638239640828,0.02591550763140038
255.29237463117596,0.00032444059806650306,455.2829375697672,-0.03287899453876797,258.35996295880545,0.01769156639058167
256.45922688499786,0.00038682908038140465,456.42156029604485,-0.03299884956258703,259.1978011039968,0.02591550763140038
256.0663670809473,0.00032416696437213843,457.56018302232246,-0.033118704586405645,258.98544581374097,0.01769156639058167
257.64073808673214,0.0006062148948374254,458.6988057486,-0.03323855961022426,260.0343522474291,0.03139813512528011
257.5366595565546,0.0005277504329786612,459.83742847487764,-0.03335841463404288,260.03049124215175,0.023174193884461403
257.53079597738963,0.0004649515001222144,460.97605120115526,-0.03347826965786149,260.8683293873431,0.03139813512528011
257.2361511243517,0.0004179549131152647,462.1146739274329,-0.03359812468168055,260.86446838206575,0.023174193884461403
257.2302875451868,0.0003551559802588179,463.3516776524283,-0.028274564040400296,261.70101952549805,0.028656821378340247
258.2417549511379,0.0008258059345642183,464.39791213117894,-0.024489142871459535,261.6965150193411,0.019062223264051603
258.13767642096036,0.0007473414727054541,464.3934175677858,-0.031500661764853444,262.60320775864574,0.02591550763140038
258.1318128417954,0.0006845425398490073,465.5335384818611,-0.029283343824207275,262.32135437339707,0.01769156639058167
259.30892635915603,0.0008568291546626923,466.0991043755056,-0.0351862037472781,263.37026080708523,0.03139813512528011
259.3030627799911,0.0007940302218062446,467.23847619568204,-0.03413747228886432,263.36511280004873,0.020432880137521536
259.2986650956174,0.0007469310221639089,468.37709892195966,-0.03425732731268338,264.2741650425784,0.03231190637426007
260.5871866171117,0.0010761807649069177,469.5157216482373,-0.034377182336502,263.99188265674337,0.023174193884461403
260.4831080869341,0.0009977163030481543,470.65434437451484,-0.034497037360320615,265.11028718542434,0.03688076261915896
260.4772445077692,0.0009349173701917067,471.7929671007924,-0.03461689238413923,264.8284338001756,0.028656821378340247
260.4713809286043,0.000872118437335259,472.93158982707,-0.034736747407957846,265.87476623034553,0.03688076261915896
260.46625029683497,0.0008171693710858673,474.07021255334763,-0.03485660243177646,265.8702617241886,0.027286164504870314
260.1708724964014,0.0007623229174718617,475.20883527962525,-0.03497645745559552,266.70616936674134,0.03139813512528011
261.09731800446104,0.0013586049417019536,476.34745800590287,-0.03509631247941414,266.70230836146396,0.023174193884461403
261.0914544252961,0.001295806008845506,477.48608073218037,-0.035216167503232754,267.54014650665533,0.03139813512528011
261.08559084613114,0.0012330070759890592,478.624703458458,-0.03533602252705137,267.53628550137796,0.023174193884461403
261.07972726696624,0.0011702081431326115,479.7633261847356,-0.035455877550869985,268.37669765008764,0.03688076261915896
261.68367592095444,0.0014211986492876291,480.9019489110132,-0.035575732574689045,268.37283664481026,0.028656821378340247
261.6550909725254,0.0011150538516124468,482.0435680128864,-0.031021241669578536,269.21067479000163,0.03688076261915896
262.25830667911805,0.0013581944911604084,481.7544177679237,-0.03800279680701779,269.20681378472426,0.028656821378340247
262.2524430999531,0.0012953955583039608,483.2775753622862,-0.03037202695722785,270.0446519299157,0.03688076261915896
262.24657952078815,0.001232596625447514,484.3238098410371,-0.026586605788286644,270.0407909246383,0.028656821378340247
262.24071594162325,0.0011697976925910663,484.31931527764385,-0.03359812468168055,270.87605506631144,0.03139813512528011
262.8453975430071,0.001428638065353139,485.45943619171925,-0.031380806741034384,270.87219406103407,0.023174193884461403
262.81754554197363,0.0011303431342850135,486.59805891799675,-0.031500661764853,271.7100322062255,0.03139813512528011
263.1261163955283,0.0013264871868260255,487.73668164427437,-0.03162051678867206,271.7061712009481,0.023174193884461403
263.40976703763204,0.0012557357747271366,488.9706889936743,-0.030971302076320928,272.5440093461395,0.03139813512528011
263.1143892371984,0.001200889321113131,490.01692347242505,-0.027185880907380167,272.5401483408621,0.023174193884461403
263.3929092475328,0.0010751888427648496,491.1540480109049,-0.029642908895663567,273.4479135816327,0.03231190637426007
263.3870456683679,0.001012389909908402,490.86639595374,-0.03428729106863804,273.1656311957977,0.023174193884461403
263.38191503659857,0.0009574408436590111,492.28967436158706,-0.03443710984841131,274.21196362596754,0.03139813512528011
263.95801168955336,0.0009101364187459023,492.00202230442216,-0.03908149202138578,274.20810262069017,0.023174193884461403
264.2607189639431,0.0010434815384304666,493.4267989000669,-0.03689413783669471,275.04336676236335,0.02591550763140038
264.2548553847781,0.0009806826055740198,494.5654216263444,-0.03701399286051332,275.039505757086,0.01769156639058167
264.6301244513339,0.0008549479230139422,495.704044352622,-0.03713384788433194,275.8773439022774,0.02591550763140038
264.52604592115637,0.000776483461155178,496.84266707889964,-0.037253702908150554,275.87348289700003,0.01769156639058167
264.5201823419915,0.0007136845282987312,497.98128980517725,-0.03737355793196917,276.7113210421914,0.02591550763140038
265.0933472053638,0.0006349806369573994,499.1199125314549,-0.037493412955787786,276.70746003691403,0.01769156639058167
265.0874836261989,0.0005721817041009518,500.2585352577325,-0.037613267979606846,277.54529818210545,0.02591550763140038
265.0823529944295,0.00051723263785156,501.4925426071324,-0.03696405326725527,277.5414371768281,0.01769156639058167
265.40118511152286,0.0008232748228913546,502.5387770858833,-0.03317863209831495,278.3818493255377,0.03139813512528011
265.39532153235797,0.0007604758900349069,503.6773998121608,-0.03329848712213357,278.37798832026033,0.023174193884461403
265.678239227066,0.0006818746113289621,504.8160225384384,-0.033418342145952185,279.21582646545176,0.03139813512528011
265.7529998614189,0.0004463444089054889,505.954645264716,-0.033538197169771244,279.2113219592948,0.02180353701099147
265.65038722603254,0.00038357968026083746,507.09326799099364,-0.03365805219358986,280.0472296018475,0.02591550763140038
265.9611569217741,0.0006032733326230165,508.2303925294735,-0.03611508018187326,280.04336859657013,0.01769156639058167
265.9552933426092,0.0005404743997665688,507.94274047230857,-0.04075946235484773,280.88120674176156,0.02591550763140038
266.52992410077275,0.0004774702416393481,509.3675170679533,-0.038572108170156216,280.8773457364842,0.01769156639058167
266.8128417954808,0.0003988689629334033,510.50613979423093,-0.03869196319397483,281.71518388167556,0.02591550763140038
266.51966283723414,0.0003675721091405664,511.74014714363085,-0.0380427484816237,281.7113228763982,0.01769156639058167
267.9738304701378,0.0003984585123918572,512.7848834345839,-0.03659450027714817,282.5491610215896,0.02591550763140038
267.9679668909729,0.00033565957953540955,512.4972313774191,-0.04123888245012264,282.54530001631224,0.01769156639058167
267.9635692065992,0.00028856037989307554,513.9220079730637,-0.039051528265431124,283.38571216502186,0.03139813512528011
269.13042146042113,0.0003509488622079771,515.0606306993413,-0.03917138328924974,283.38056415798536,0.020432880137521536
269.1245578812562,0.00028814992935152946,516.2946380487414,-0.03852216857689861,284.2196893049359,0.03139813512528011
269.7167793769146,0.00041354256979365175,517.3408725274921,-0.034736747407957846,284.21582829965854,0.023174193884461403
270.30313729340804,0.0004761362773793255,517.3363779640989,-0.041748266301351755,285.05109244133166,0.02591550763140038
270.0011629664139,0.000350641024301818,518.5718835012965,-0.03876187862453584,285.0472314360543,0.01769156639058167
269.99529938724896,0.00028784209144537033,519.6181179800473,-0.03497645745559552,285.95499667682486,0.026829278880380336
270.87923394636283,0.00042883185246621845,520.8521253294472,-0.034327242743244835,285.6727142909898,0.01769156639058167
271.4670577576475,0.0005071252932660041,521.8983598081979,-0.03054182157430363,286.72162072467796,0.03139813512528011
272.13843757203244,0.00044408693092698893,521.6092095632354,-0.037523376711742884,286.7177597194006,0.023174193884461403
271.7470436627731,0.0003971245481318355,523.0369825344756,-0.030661676598122245,287.555597864592,0.03139813512528011
272.6133874843922,0.0003497175105833406,523.0324879710823,-0.037673195491516154,287.55173685931464,0.023174193884461403
272.9094982322213,0.00041241383080440133,524.1726088851577,-0.035455877550869985,288.389575004506,0.03139813512528011
273.18801824255576,0.0002867133524561208,525.3112316114353,-0.035575732574689045,288.38571399922864,0.023174193884461403
273.48412899038493,0.0003494096726771815,526.449854337713,-0.03569558759850766,289.22355214442007,0.03139813512528011
273.7626490007193,0.00022370919432890095,527.5884770639906,-0.03581544262232628,289.2196911391427,0.023174193884461403
274.0587597485485,0.00028640551454996166,528.7270997902681,-0.03593529764614489,290.05752928433407,0.03139813512528011
274.3372797588829,0.00016070503620167938,529.8657225165457,-0.03605515266996351,290.0536682790567,0.023174193884461403
274.9221717805851,0.00020759901057324295,529.8612279531525,-0.04306667156335742,290.8915064242481,0.03139813512528011
275.4975354861443,0.00015244471905307908,531.0013488672278,-0.04084935362271169,290.88764541897075,0.023174193884461403
276.6592571081969,0.00015988413511858895,532.1399715935054,-0.04096920864653031,291.72805756768037,0.03688076261915896
277.2353537611517,0.00011257971020548103,533.278594319783,-0.041089063670348924,291.724196562403,0.028656821378340247
277.82024578285393,0.0001594736845770446,534.5126016691829,-0.04043984895799779,292.5620347075944,0.03688076261915896
278.3970753832043,0.00012001912627099091,535.5588361479338,-0.03665442778905703,292.55817370231705,0.028656821378340247
279.55879700525696,0.00012745854233650253,535.5543415845406,-0.04366594668245094,293.3960118475084,0.03688076261915896
280.719785679914,0.00012704809179495645,536.6944624986157,-0.04144862874180477,293.39215084223105,0.028656821378340247
281.88077435457103,0.00012663764125341037,537.8360816004889,-0.03689413783669471,294.2299889874225,0.03688076261915896
281.8763766701973,0.00007953844161107462,537.8315870370957,-0.043905656730088616,294.2261279821451,0.028656821378340247
283.0402971344368,0.00011052745749775411,538.971707951171,-0.04168833878944245,295.06396612733647,0.03688076261915896
282.74711817619004,0.0000792306037049155,540.205715300571,-0.041039124077091316,295.0601051220591,0.028656821378340247
284.19981991430257,0.00009441727374209612,541.2519497793218,-0.037253702908150554,295.8979432672505,0.03688076261915896
285.36080858895957,0.00009400682320055177,542.3905725055994,-0.03737355793196917,295.89408226197315,0.028656821378340247
286.5217972636166,0.0000935963726590057,543.529195231877,-0.03749341295578823,296.7319204071645,0.03688076261915896
287.6827859382736,0.00009318592211745962,544.0947611255214,-0.043396272878859055,296.72805940188715,0.028656821378340247
288.8437746129306,0.00009277547157591527,545.2341329456978,-0.04234754142044528,297.5658975470786,0.03688076261915896
290.0047632875876,0.0000923650210343692,546.3727556719754,-0.042467396444263894,297.5620365418012,0.028656821378340247
291.16575196224466,0.00009195457049282485,547.511378398253,-0.04258725146808251,298.3998746869926,0.03688076261915896
292.32674063690166,0.00009154411995127877,548.6500011245306,-0.042707106491901126,298.3960136817152,0.028656821378340247
293.5849669993771,0.00009633270960264159,549.7886238508082,-0.042826961515720186,299.23385182690663,0.03688076261915896
294.65164977579815,0.00012212268529641218,550.9272465770858,-0.0429468165395388,299.22999082162926,0.028656821378340247
294.64725209142443,0.00007502348565407643,552.0658693033635,-0.04306667156335742,300.1373270618135,0.03688076261915896
295.8097066608727,0.00009031276832664227,553.2044920296411,-0.04318652658717603,299.85547367656477,0.028656821378340247
296.9706953355297,0.00008990231778509619,554.3431147559186,-0.04330638161099465,300.9030931084938,0.039622076366098824
298.1316840101867,0.00008949186724355185,555.4817374821962,-0.043426236634813264,300.8985886023369,0.03002747825181018
299.2926726848437,0.00008908141670200577,556.6203602084738,-0.043546091658632324,301.7357832466487,0.03688076261915896
300.4536613595007,0.00008867096616046143,557.761979310347,-0.038991600753521816,301.7319222413713,0.028656821378340247
300.449263675127,0.00004157176651812568,557.4728290653844,-0.04597315589096107,302.56976038656273,0.03688076261915896
301.61465003415776,0.00008826051561891535,558.9006020366246,-0.03911145577734043,302.56589938128536,0.028656821378340247
301.32000518111977,0.00004126392861196655,560.1346093860245,-0.038462241064989744,303.4037375264768,0.03688076261915896
302.77563870881477,0.00008785006507736927,561.1808438647753,-0.03467681989604854,303.3998765211994,0.028656821378340247
303.9366273834718,0.00008743961453582492,561.1763493013821,-0.04168833878944245,304.2377146663908,0.03688076261915896
305.0976160581288,0.00008702916399427885,562.3149720276596,-0.04180819381326151,304.2338536611134,0.028656821378340247
306.35584242060423,0.00009181775364564167,562.0273199704948,-0.046452575986235534,305.07169180630484,0.03688076261915896
307.42252519702527,0.00011760772933941226,563.4520965661394,-0.04426522180154446,305.06783080102747,0.028656821378340247
307.41812751265155,0.00007050852969707651,564.590719292417,-0.04438507682536308,305.90566894621884,0.03688076261915896
308.5805820820998,0.00008579781236964235,565.7293420186946,-0.044504931849181695,305.90180794094147,0.028656821378340247
309.7415707567568,0.000085387361828098,566.8679647449723,-0.04462478687300031,306.7396460861329,0.03688076261915896
310.9025594314138,0.00008497691128655192,568.0065874712499,-0.044744641896818926,306.7357850808555,0.028656821378340247
312.06647989565334,0.00011596592717322968,569.1452101975275,-0.044864496920637986,307.5736232260469,0.03688076261915896
311.77183504261535,0.00006896934016628088,570.283832923805,-0.0449843519444566,307.5697622207695,0.028656821378340247
313.2304003598928,0.00014695494305990917,571.4224556500826,-0.04510420696827522,308.40760036596095,0.03688076261915896
313.2260026755191,0.00009985574341757342,572.5610783763602,-0.045224061992093834,308.4037393606836,0.028656821378340247
314.38845724496736,0.00011514502609013925,573.6997011026378,-0.04534391701591245,309.31107560086775,0.03688076261915896
315.6466836074428,0.00011993361574150208,574.8383238289155,-0.04546377203973151,309.0292222156191,0.028656821378340247
316.71043459428137,0.00011432412500704883,575.9769465551931,-0.045583627063550125,310.0742676440299,0.03413944887221998
317.8714232689384,0.00011391367446550275,577.1155692814707,-0.04570348208736874,310.0704066387525,0.02591550763140038
319.0324119435954,0.00011350322392395841,578.2541920077483,-0.04582333711118736,310.90695778218475,0.03139813512528011
320.19633240783486,0.00014449223981063616,579.3958111096214,-0.04126884620607685,310.9030967769074,0.023174193884461403
320.19193472346115,0.00009739304016830042,579.9711152239511,-0.03198008186012791,311.7409349220988,0.03139813512528011
321.35732108249186,0.00014408178926909009,580.534433835899,-0.041388701229895464,311.73707391682143,0.023174193884461403
322.5212415467313,0.00017507080515576957,581.1082397624309,-0.03443710984841175,312.5749120620128,0.03139813512528011
322.516110914962,0.00012012173890637787,581.7659442056361,-0.04463477479165201,312.5710510567354,0.023174193884461403
323.67929843180593,0.00014326088818599966,582.8086829128587,-0.046302757206462264,313.40888920192685,0.03139813512528011
323.6749007474322,0.00009616168854366391,583.9473056391363,-0.04642261223028088,313.4050281966495,0.023174193884461403
324.84028710646294,0.00014285043764445532,585.0859283654139,-0.046542467254099495,314.24286634184085,0.03139813512528011
324.8358894220892,0.00009575123800211957,586.2245510916915,-0.04666232227791811,314.2390053365635,0.023174193884461403
326.00127578111994,0.00014243998710290924,587.363173817969,-0.04678217730173717,315.0768434817549,0.03139813512528011
325.70663092808195,0.00009544340009596045,588.5017965442466,-0.04690203232555579,315.07298247647753,0.023174193884461403
327.16226445577695,0.00014202953656136316,589.6404192705243,-0.0470218873493744,315.9108206216689,0.03139813512528011
328.32325313043395,0.00014161908601981882,590.7790419968019,-0.04714174237319302,315.90695961639153,0.023174193884461403
329.48424180509096,0.00014120863547827274,591.9176647230795,-0.047261597397011634,316.74479776158296,0.03139813512528011
330.74246816756647,0.00014599722512963556,593.0562874493571,-0.04738145242083025,316.7409367563056,0.023174193884461403
331.9063886318059,0.00017698624101631331,594.1949101756347,-0.04750130744464931,317.57877490149696,0.03139813512528011
331.5145060909495,0.00012479061381645735,595.3335329019123,-0.047621162468467926,317.5749138962196,0.023174193884461403
332.9730714082269,0.0002027762167100839,596.4721556281899,-0.04774101749228654,318.41532604492926,0.03688076261915896
334.1369918724664,0.0002337652325967634,597.6107783544675,-0.04786087251610516,318.4114650396519,0.028656821378340247
333.8423470194284,0.00018676864558981286,598.847782079463,-0.042537311874825345,319.246729181325,0.03139813512528011
335.39521823494186,0.0002385538222481262,598.4632472113781,-0.050287936748433903,319.24286817604764,0.023174193884461403
336.55865006758427,0.00026430959373010057,599.6093608766444,-0.038721926949929486,320.08070632123906,0.03139813512528011
336.1672561583249,0.00021734721093494627,599.6048663132511,-0.04573344584332384,320.0768453159617,0.023174193884461403
337.6382815813279,0.000428780546148525,,,320.91468346115306,0.03139813512528011
337.6316850547673,0.0003581317466850205,,,320.9108224558757,0.023174193884461403
337.6258214756024,0.0002953328138285728,,,321.7486606010671,0.03139813512528011
338.32065560664705,0.0004834901829153474,,,321.74479959578974,0.023174193884461403
338.82492341483146,0.0007031154268539366,,,322.5826377409811,0.03139813512528011
338.8190598356665,0.0006403164939974889,,,322.57877673570374,0.023174193884461403
338.81319625650156,0.0005775175611410412,,,323.41532787913604,0.028656821378340247
338.5053583503425,0.0003892233752070852,,,323.4108233729791,0.019062223264051603
339.4098154365336,0.0007500094012254993,,,324.2480180172909,0.02591550763140038
339.48555333408075,0.0005249456876114346,,,324.24415701201355,0.01769156639058167
340.0797293561274,0.0006712713056723722,,,325.081995157205,0.02591550763140038
339.9756508259498,0.0005928068438136079,,,325.0781341519276,0.01769156639058167
340.6455647455436,0.0005140687482604808,,,325.91597229711897,0.02591550763140038
340.25417083628423,0.0004671063654653265,,,325.9121112918416,0.01769156639058167
341.12051465790324,0.0004196993279168325,,,326.81987653261217,0.026829278880380336
341.11611697352953,0.00037260012827449764,,,327.58650058046527,0.03139813512528011
341.7068725743967,0.0004822930355025063,,,327.5826395751879,0.023174193884461403
342.3899795471116,0.0005448525388763864,,,328.4204777203793,0.03139813512528011
341.991256163896,0.0004193914900106734,,,328.41661671510195,0.023174193884461403
341.9868584795223,0.0003722922903683385,,,329.2544548602934,0.03139813512528011
342.57614818559824,0.00046628546438223523,,,329.250593855016,0.023174193884461403
343.4571509551296,0.0005758757589748604,,,330.0884320002074,0.03139813512528011
343.4512873759647,0.0005130768261184127,,,330.08457099493,0.023174193884461403
344.632798577699,0.0007324626405744326,,,330.92240914012143,0.03139813512528011
344.62693499853407,0.0006696637077179858,,,330.91854813484406,0.023174193884461403
344.6210714193691,0.0006068647748615381,,,331.75638628003543,0.03139813512528011
344.32496067153994,0.0005441684546404774,,,331.75252527475806,0.023174193884461403
344.3205629871662,0.0004970692549981417,,,332.5903634199495,0.03139813512528011
345.2367472316872,0.0009834531467294502,,,332.5865024146721,0.023174193884461403
345.2308836525223,0.0009206542138730034,,,333.4243405598635,0.03139813512528011
345.22502007335737,0.0008578552810165558,,,333.4204795545861,0.023174193884461403
345.2191564941924,0.0007950563481601081,,,334.25831769977754,0.03139813512528011
345.8231051481807,0.0010460468543151248,,,334.25445669450016,0.023174193884461403
345.5050059784829,0.0007478545358823854,,,335.0948688432098,0.03688076261915896
346.4944849625656,0.0009830084919761088,,,335.09036433705285,0.027286164504870314
346.3904064323881,0.0009045440301173454,,,335.93013298488296,0.039622076366098824
347.5792471080785,0.0012024285106439258,,,335.92498497784646,0.028656821378340247
347.5733835289136,0.001139629577787478,,,336.7615361212787,0.03413944887221998
347.56751994974866,0.0010768306449310304,,,336.7563881142422,0.023174193884461403
347.5616563705837,0.0010140317120745828,,,336.5453198257455,0.01769156639058167
347.55579279141875,0.000951232779218136,,,337.5916522559154,0.02591550763140038
347.2596820435896,0.0008885364589970753,,,337.587791250638,0.01769156639058167
348.1773321829018,0.0013906200839424957,,,338.4256293958294,0.02591550763140038
348.1714686037369,0.001327821151086048,,,338.421768390552,0.01769156639058167
348.16560502457196,0.0012650222182296004,,,339.2583195339843,0.023174193884461403
348.8369848389569,0.0012019838558905852,,,339.2538150278274,0.013579595770172759
348.73217336138373,0.001115669527424765,,,340.0910096721392,0.020432880137521536
349.33978675235005,0.0014059093666150616,,,340.08714866686176,0.012208938896702826
349.33392317318516,0.0013431104337586139,,,340.92498681205325,0.020432880137521536
349.3280595940202,0.0012803115009021662,,,340.9211258067758,0.012208938896702826
349.6109772887283,0.0012017102221962214,,,341.75896395196725,0.020432880137521536
349.6051137095634,0.0011389112893397738,,,341.7551029466898,0.012208938896702826
349.88949729906267,0.00107600974384794,,,342.5929410918813,0.020432880137521536
349.8836337198977,0.0010132108109914923,,,342.5890800866039,0.012208938896702826
349.87777014073276,0.0009504118781350455,,,343.4269182317953,0.020432880137521536
349.87190656156787,0.0008876129452785979,,,343.42305722651787,0.012208938896702826
349.8660429824029,0.0008248140124221502,,,344.26089537170935,0.020432880137521536
350.20466467917794,0.0013428025958524548,,,344.2570343664319,0.012208938896702826
350.5374227967879,0.0007617756500831342,,,345.0961595133825,0.023174193884461403
350.1460288875286,0.0007148132672879799,,,345.09165500722554,0.013579595770172759
351.6016624152235,0.0007613994037533843,,,345.9288496515374,0.020432880137521536
351.59653178345417,0.0007064503375039935,,,345.92498864626,0.012208938896702826
352.1704295942221,0.0006355963127697168,,,346.7628267914514,0.020432880137521536
352.1652989624528,0.0005806472465203251,,,346.758965786174,0.012208938896702826
352.47240392121626,0.0007610915658472252,,,347.6667310269446,0.021346651386501492
352.46654034205136,0.0006982926329907784,,,347.3844486411095,0.012208938896702826
352.7391967732208,0.0005097932217860493,,,348.4333550747977,0.02591550763140038
352.73333319405583,0.00044699428892960164,,,348.42949406952033,0.01769156639058167
353.03530752104996,0.00057248954200711,,,349.26733221471176,0.02591550763140038
353.4052016400379,0.00038918917099528896,,,349.2634712094344,0.01769156639058167
353.60993827921357,0.0005094853838798902,,,350.10130935462576,0.02591550763140038
354.4689526268764,0.0003835796802608357,,,350.0974483493484,0.01769156639058167
355.04358338504005,0.0003205755221336159,,,350.9352864945398,0.02591550763140038
355.0384527532707,0.0002656264558842242,,,350.93142548926244,0.01769156639058167
355.33969413286917,0.0003832718423546766,,,351.7692636344538,0.02591550763140038
355.9143248910328,0.00032026768422745676,,,351.76540262917644,0.01769156639058167
356.1987084805321,0.0002573661387356239,,,352.6058147778861,0.03139813512528011
356.1943107961584,0.00021026693909328813,,,352.39345948763025,0.023174193884461403
357.3596971551891,0.0002569556881940778,,,353.44107891955923,0.03413944887221998
357.3552994708154,0.00020985648855174205,,,353.43721791428186,0.02591550763140038
358.5206858298461,0.00025654523765253345,,,354.27376905771416,0.03139813512528011
358.5155551980768,0.00020159617140314175,,,354.2699080524368,0.023174193884461403
359.6772768201294,0.00020903558746865163,,,355.10645919586904,0.028656821378340247
359.6721461883601,0.00015408652121925992,,,355.10259819059166,0.020432880137521536
360.8338678104127,0.00016152593728477153,,,355.93914933402397,0.02591550763140038
360.82947012603904,0.00011442673764243579,,,355.9352883287466,0.01769156639058167
361.99339059027847,0.00014541575352911354,,,356.773126473938,0.02591550763140038
361.7002116320318,0.00011411889973627666,,,356.5607711836821,0.01769156639058167
363.1529133701443,0.00012930556977345554,,,357.6791757123631,0.03139813512528011
363.7290100230991,0.00008200114486034762,,,357.3973223271144,0.023174193884461403
364.3139020448013,0.0001288951192319112,,,358.44494175904345,0.03413944887221998
364.8907316451517,0.0000894405609258575,,,358.4404372528865,0.024544850757931336
366.0524532672044,0.00009687997699136912,,,359.2763448954392,0.028656821378340247
367.2134419418614,0.00009646952644982304,,,359.2724838901618,0.020432880137521536
368.3744306165184,0.0000960590759082787,,,360.1090350335941,0.02591550763140038
369.5354192911754,0.00009564862536673262,,,360.10517402831675,0.01769156639058167
370.6964079658324,0.00009523817482518654,,,360.9430121735081,0.02591550763140038
371.9546343283079,0.00010002676447654936,,,360.93915116823075,0.01769156639058167
373.0213171047289,0.00012581674017031995,,,361.7769893134222,0.02591550763140038
373.0169194203552,0.0000787175405279842,,,361.7731283081448,0.01769156639058167
374.18083988459466,0.00010970655641466195,,,362.6109664533362,0.02591550763140038
373.88766092634796,0.00007840970262182508,,,362.6071054480588,0.01769156639058167
375.43760035227893,0.00009879541285191286,,,363.44494359325023,0.02591550763140038
376.5013513391175,0.00009318592211745962,,,363.44108258797286,0.01769156639058167
377.75957770159295,0.00009797451176882244,,,364.2789207331642,0.02591550763140038
378.826260478014,0.00012376448746259303,,,364.27505972788686,0.01769156639058167
380.08448684048943,0.00012855307711395585,,,365.1128978730783,0.02591550763140038
381.1511696169104,0.00015434305280772644,,,365.1090368678009,0.01769156639058167
381.14677193253675,0.00010724385316539069,,,365.9468750129923,0.02591550763140038
382.4064641898035,0.00012773217603086542,,,365.9430140077149,0.01769156639058167
383.5728278120283,0.00018488741394106362,,,366.78085215290633,0.02591550763140038
383.1799680079778,0.0001222252979317974,,,366.77699114762896,0.01769156639058167
384.6399992200464,0.0002159106340395376,,,367.61482929282033,0.02591550763140038
384.63560153567266,0.00016881143439720185,,,367.61096828754296,0.01769156639058167
385.7980561051209,0.0001841007170697677,,,368.4488064327344,0.02591550763140038
386.37415275807575,0.00013679629215665977,,,368.444945427457,0.01769156639058167
386.95904477977797,0.00018369026652822334,,,369.2827835726484,0.02591550763140038
387.63091322576,0.00012588514859391067,,,369.278922567371,0.01769156639058167
388.697596002181,0.00015167512428768126,,,370.1154737108033,0.023174193884461403
388.69319831780734,0.00010457592464534551,,,370.11161270552594,0.014950252643641804
389.858584676838,0.00015126467374613518,,,370.9481638489582,0.020432880137521536
391.11681103931346,0.000156053263397498,,,370.94430284368076,0.012208938896702826
392.1834938157345,0.0001818432390912686,,,371.8520680844514,0.021346651386501492
393.3444824903915,0.00018143278854972252,,,372.61611812878624,0.020432880137521536
394.5054711650485,0.00018102233800817817,,,372.6122571235088,0.012208938896702826
395.763697527524,0.00018581092765953926,,,373.4500952687003,0.020432880137521536
396.93299293933137,0.0002743656319979613,,,373.44623426342287,0.012208938896702826
396.54013313528077,0.0002117035159886968,,,374.2840724086143,0.020432880137521536
398.0030961369319,0.0003367883185246591,,,374.0717171183584,0.012208938896702826
397.997232557767,0.00027398938566821143,,,375.1206235520466,0.02591550763140038
399.1626189167977,0.00032067813476900284,,,375.1167625467692,0.01769156639058167
399.15748828502836,0.00026572906851961113,,,375.95331369020147,0.023174193884461403
400.3221416966635,0.00030456795101334484,,,375.9494526849241,0.014950252643641804
400.3177440122898,0.0002574687513710091,,,376.7860038283564,0.020432880137521536
401.58329984872137,0.0003407560070929315,,,376.78214282307897,0.012208938896702826
402.76432241885857,0.0005549085771442488,,,377.6212679700295,0.023174193884461403
402.66024388868107,0.00047644411528548463,,,377.6167634638726,0.013579595770172759
402.65511325691176,0.0004214950490360938,,,378.45395810818445,0.020432880137521536
402.3597354564782,0.0003666485954220873,,,378.450097102907,0.012208938896702826
402.3553377721045,0.00031954939577975155,,,379.2905092516167,0.02591550763140038
403.3594757040995,0.0007117006840145941,,,379.2866482463393,0.01769156639058167
403.2553971739219,0.0006332362221558308,,,380.12448639153075,0.02591550763140038
403.5397807634212,0.000570334676663997,,,380.1206253862534,0.01769156639058167
404.42518121732627,0.0007270241708989562,,,380.95846353144475,0.02591550763140038
404.4193176381614,0.0006642252380425094,,,380.9546025261674,0.01769156639058167
404.41418700639207,0.0006092761717931177,,,381.7924406713588,0.02591550763140038
405.6814530534135,0.0007108797829315028,,,381.78857966608143,0.01769156639058167
405.5781074706315,0.0006402651876797963,,,382.62641781127286,0.02591550763140038
405.2841955649892,0.0006011184672799026,,,382.6225568059955,0.01769156639058167
406.28246991781924,0.0009304708226582975,,,383.46039495118686,0.02591550763140038
406.1783913876417,0.0008520063607995332,,,383.4565339459095,0.01769156639058167
406.17252780847673,0.0007892074279430856,,,384.2943720911009,0.02591550763140038
406.883486782225,0.0011500618623850904,,,384.29051108582354,0.01769156639058167
406.77940825204746,0.0010715974005263262,,,385.1283492310149,0.02591550763140038
406.7735446728825,0.0010087984676698785,,,385.12448822573754,0.01769156639058167
406.45691139797606,0.0007263058824512518,,,385.96232637092896,0.02591550763140038
407.3936181695743,0.0014324860391801272,,,385.9584653656516,0.01769156639058167
407.3877545904094,0.0013696871063236795,,,386.79630351084296,0.02591550763140038
407.3818910112445,0.0013068881734672319,,,386.7924425055656,0.01769156639058167
407.3760274320795,0.0012440892406107842,,,387.630280650757,0.02591550763140038
407.05792826238184,0.0009458969221780456,,,387.62641964547964,0.01769156639058167
408.1177701964437,0.0019346380725491384,,,388.53418488625016,0.026829278880380336
408.0136916662662,0.0018561736106903742,,,388.25190250041516,0.01769156639058167
408.00782808710125,0.0017933746778339265,,,389.3008089341033,0.03139813512528011
408.0019645079363,0.0017305757449774797,,,389.29694792882594,0.023174193884461403
407.9961009287714,0.001667776812121032,,,390.1347860740173,0.03139813512528011
407.99023734960645,0.0016049778792645844,,,390.13092506873994,0.023174193884461403
407.9843737704415,0.0015421789464081367,,,390.96876321393137,0.03139813512528011
407.9785101912766,0.00147938001355169,,,390.964902208654,0.023174193884461403
407.66041102157885,0.0011811876951189505,,,391.80274035384537,0.03139813512528011
408.68067379627746,0.0027822526450522016,,,391.79823584768843,0.02180353701099147
408.67481021711257,0.002719453712195754,,,392.6341434902412,0.02591550763140038
408.6689466379476,0.0026566547793393062,,,392.42178819998526,0.01769156639058167
408.66308305878266,0.0025938558464828586,,,393.4706946336734,0.03139813512528011
408.65721947961777,0.0025310569136264118,,,393.46683362839605,0.023174193884461403
408.6513559004528,0.002468257980769964,,,394.3046717735875,0.03139813512528011
408.64549232128786,0.0024054590479135165,,,394.3008107683101,0.023174193884461403
408.6396287421229,0.002342660115057069,,,395.13864891350147,0.03139813512528011
408.633765162958,0.002279861182200622,,,395.1347879082241,0.023174193884461403
408.62790158379306,0.0022170622493441743,,,395.9726260534155,0.03139813512528011
408.6220380046281,0.0021542633164877267,,,395.96876504813815,0.023174193884461403
408.6161744254632,0.002091464383631279,,,396.8765302889087,0.03231190637426007
408.61031084629826,0.0020286654507748313,,,396.59424790307366,0.023174193884461403
409.3022131877605,0.0032216399497765613,,,397.64444133852095,0.039622076366098824
409.29634960859556,0.0031588410169201137,,,397.639936832364,0.03002747825181018
409.29048602943067,0.003096042084063667,,,398.4758444749167,0.03413944887221998
409.2846224502657,0.003033243151207219,,,398.4706964678802,0.023174193884461403
409.27875887110076,0.0029704442183507715,,,399.3072476113125,0.028656821378340247
409.27289529193587,0.002907645285494324,,,399.30274310515557,0.019062223264051603
409.2670317127709,0.002844846352637876,,,400.1399377494674,0.02591550763140038
408.89616033058877,0.0019814636384971104,,,400.13607674419,0.01769156639058167
409.84166247093447,0.0027818421945106564,,,400.97391488938143,0.02591550763140038
409.83579889176957,0.0027190432616542087,,,400.97005388410406,0.01769156639058167
409.8299353126046,0.002656244328797761,,,401.80789202929543,0.02591550763140038
409.82407173343967,0.0025934453959413134,,,401.80403102401806,0.01769156639058167
409.81820815427477,0.0025306464630848666,,,402.6418691692095,0.02591550763140038
409.8123445751098,0.002467847530228419,,,402.6380081639321,0.01769156639058167
409.80648099594487,0.0024050485973719712,,,403.47455930736436,0.023174193884461403
409.8006174167799,0.0023422496645155236,,,403.2634910188676,0.01769156639058167
409.794753837615,0.0022794507316590768,,,404.3072494455193,0.020432880137521536
409.78889025845007,0.002216651798802629,,,404.30338844024186,0.012208938896702826
409.7830266792851,0.0021538528659461815,,,405.1412265854333,0.020432880137521536
409.7771631001202,0.002091053933089734,,,404.9288712951774,0.012208938896702826
409.77129952095527,0.002028255000233286,,,405.9777777288656,0.02591550763140038
410.17295469375324,0.003221332111870402,,,405.9739167235882,0.01769156639058167
410.1670911145883,0.0031585331790139545,,,406.8117548687796,0.02591550763140038
410.1612275354234,0.0030957342461575077,,,406.8078938635022,0.01769156639058167
410.15536395625844,0.00303293531330106,,,407.64573200869364,0.02591550763140038
410.1495003770935,0.0029701363804446124,,,407.64187100341627,0.01769156639058167
410.1436367979286,0.0029073374475881647,,,408.47970914860764,0.02591550763140038
410.13777321876364,0.002844538514731717,,,408.47584814333027,0.01769156639058167
410.4426793353402,0.001965216637894272,,,409.3136862885217,0.02591550763140038
410.3386008051627,0.0018867521760355076,,,409.3098252832443,0.01769156639058167
410.33273722599773,0.00182395324317906,,,410.14766342843575,0.02591550763140038
410.3268736468328,0.0017611543103226122,,,410.1438024231584,0.01769156639058167
410.3210100676679,0.0016983553774661654,,,410.98164056834975,0.02591550763140038
410.31514648850293,0.0016355564446097178,,,410.9777795630724,0.01769156639058167
410.309282909338,0.0015727575117532701,,,411.8156177082638,0.02591550763140038
410.69774502901487,0.002624537024463378,,,411.81175670298643,0.01769156639058167
410.6918814498499,0.0025617380916069313,,,412.6495948481778,0.02591550763140038
410.9769979867449,0.0025066864127221535,,,412.6457338429004,0.01769156639058167
410.68015429152007,0.002436140225894036,,,413.48357198809185,0.02591550763140038
410.6742907123551,0.0023733412930375883,,,413.4797109828145,0.01769156639058167
410.6684271331902,0.0023105423601811406,,,414.31754912800585,0.02591550763140038
410.66256355402527,0.002247743427324694,,,414.3136881227285,0.01769156639058167
410.6566999748603,0.002184944494468246,,,415.1515262679199,0.02591550763140038
410.6508363956954,0.0021221455616117985,,,415.14766526264253,0.01769156639058167
410.64497281653047,0.002059346628755351,,,415.9855034078339,0.02591550763140038
410.88244777271035,0.0014940536204119375,,,415.98164240255653,0.01769156639058167
410.8765841935454,0.0014312546875554907,,,416.81948054774796,0.02591550763140038
410.87072061438045,0.001368455754699043,,,416.8156195424706,0.01769156639058167
410.86485703521555,0.0013056568218425954,,,417.65345768766196,0.02591550763140038
410.8589934560506,0.0012428578889861477,,,417.6495966823846,0.01769156639058167
410.85312987688565,0.001180058956129701,,,418.487434827576,0.02591550763140038
410.84726629772075,0.0011172600232732532,,,418.48357382229864,0.01769156639058167
410.8414027185558,0.0010544610904168056,,,419.32398597100826,0.03139813512528011
410.83553913939085,0.000991662157560358,,,419.3194814648513,0.02180353701099147
410.8296755602259,0.0009288632247039111,,,420.1579631109223,0.03139813512528011
410.8245449284566,0.0008739141584545194,,,420.15410210564494,0.023174193884461403
411.17855852053947,0.001556749940632999,,,420.9919402508363,0.03139813512528011
411.4951917954459,0.0008030259295084474,,,420.98807924555894,0.023174193884461403
411.39111326526836,0.0007245614676496832,,,421.82591739075036,0.03139813512528011
411.3867155808947,0.0006774622680073483,,,421.82076938371387,0.020432880137521536
411.70481475059233,0.0009756545864400869,,,422.65989453066436,0.03139813512528011
412.2706501400085,0.0008184520290281955,,,422.6553900245074,0.02180353701099147
412.54917015034295,0.0006927515506799141,,,423.4938716705784,0.03139813512528011
412.543306571178,0.0006299526178234673,,,423.49001066530104,0.023174193884461403
412.25012761293124,0.0005986557640306296,,,424.3278488104924,0.03139813512528011
413.2132204907717,0.0005512145222703393,,,424.3233443043355,0.02180353701099147
413.1091419605942,0.000472750060411576,,,425.16182595040647,0.03139813512528011
413.415513971962,0.0006453445131314201,,,425.15667794336997,0.020432880137521536
414.27306242483365,0.0005037390762982537,,,425.99451608856134,0.028656821378340247
414.2679317930643,0.00044879001004886204,,,425.9900115824044,0.019062223264051603
415.4355169942819,0.0005190283589708205,,,426.82720622671627,0.02591550763140038
415.42965341511695,0.0004562294261143728,,,426.8233452214389,0.01769156639058167
416.0042841732805,0.0003932252679871538,,,427.66118336663027,0.02591550763140038
415.9991535415112,0.0003382762017377621,,,427.6573223613529,0.01769156639058167
416.3003949211097,0.00045592158820821366,,,428.4951605065443,0.02591550763140038
416.5745172470704,0.0002831219102175965,,,428.49129950126695,0.01769156639058167
416.8750256792733,0.0003929174300809947,,,429.3291376464583,0.02591550763140038
417.15940926877255,0.0003300158845891601,,,429.32527664118095,0.01769156639058167
417.83127771475466,0.0002722107666548474,,,430.1631147863724,0.02591550763140038
418.8950287015932,0.00026660127592039416,,,430.159253781095,0.01769156639058167
418.8906310172195,0.00021950207627806015,,,430.9970919262864,0.02591550763140038
420.15569822205407,0.0002975560875952774,,,430.993230921009,0.01769156639058167
419.76283841800347,0.00023489397158601294,,,431.8310690662004,0.02591550763140038
421.2228696300721,0.0003285793076937514,,,431.82720806092306,0.01769156639058167
421.2177389983028,0.0002736302414443597,,,432.6650462061144,0.02591550763140038
422.38239240993795,0.0003124691239380934,,,432.66118520083705,0.01769156639058167
422.376528830773,0.00024967019108164575,,,433.4990233460285,0.02591550763140038
422.08334987252624,0.00021837333728880887,,,433.4951623407511,0.01769156639058167
423.6332892984572,0.00023875904751889838,,,434.3330004859425,0.02591550763140038
424.698506180087,0.0002488492899985553,,,434.3291394806651,0.01769156639058167
424.4053272218403,0.00021755243620571844,,,435.16697762585653,0.02591550763140038
425.9577098057567,0.00026410436845932667,,,435.16311662057916,0.01769156639058167
425.5663158964973,0.0002171419856641741,,,436.0009547657706,0.02591550763140038
427.02781300335715,0.0003265270549860245,,,435.9970937604932,0.01769156639058167
427.02268237158785,0.0002715779887366328,,,436.8349319056846,0.02591550763140038
428.2855507342356,0.0003260824002326839,,,436.6225766154287,0.01769156639058167
427.8941568249763,0.0002791200174375296,,,437.6714830491169,0.03139813512528011
429.3615175110011,0.00045130401961582765,,,437.6676220438395,0.023174193884461403
429.3556539318362,0.0003885050867593817,,,438.50288618551264,0.02591550763140038
429.35052330006687,0.00033355602050999,,,438.49902518023526,0.01769156639058167
429.0551454996333,0.00027870956689598353,,,,
430.6197438734766,0.00045609260926719134,,,,
431.6922902290625,0.0005446815178174087,,,,
431.6864266498976,0.00048188258496096106,,,,
431.6820289655239,0.0004347833853186253,,,,
432.27864814555596,0.0006072752254030834,,,,
432.8650060620494,0.0006698689329887588,,,,
432.56303173505523,0.0005443736799112496,,,,
433.4418356623998,0.000630414374682706,,,,
434.0289265262889,0.0007008579488754357,,,,
434.7120334990037,0.0007634174522493159,,,,
434.3133101157882,0.0006379564033836028,,,,
435.30132320507965,0.0008574106262632143,,,,
434.89820213749044,0.0006848503777551647,,,,
435.7762731174393,0.0007630412059195651,,,,
436.36702871830647,0.0008727341131475764,,,,
436.3611651391415,0.0008099351802911287,,,,
436.93433000251383,0.0007312312889497961,,,,
436.92846642334894,0.0006684323560933493,,,,
436.922602844184,0.0006056334232369016,,,,
436.9174722124147,0.0005506843569875099,,,,
437.5890963425982,0.0004902626168508473,,,,
437.7904125605943,0.0005739261189025187,,,,
438.6538245926309,0.0004951196149258,,,,
438.3606456343842,0.0004638227611329631,,,,
439.2269894560032,0.0004164157235844682,,,,
439.5231002038324,0.00047911204380552894,,,,
439.8983692703882,0.0003533773612454539,,,,
440.96114299403257,0.0003373013817015904,,,,
440.6679640357859,0.0003060045279087535,,,,
442.12066577389834,0.00032119119794593413,,,,
442.11480219473344,0.00025839226508948647,,,,
442.6916317950838,0.0002189377067834345,,,,
443.2772567641817,0.0002736815477620523,,,,
443.94765931537245,0.00020017669661362945,,,,
445.01287619700224,0.00021026693909328813,,,,
445.0070126178373,0.00014746800623684046,,,,
446.16946718728553,0.0001627572889094063,,,,
446.1650695029118,0.00011565808926707055,,,,
447.32752407236006,0.00013094737193963812,,,,
447.3231263879864,0.00008384817229730238,,,,
448.48851274701707,0.00013053692139809205,,,,
448.4841150626434,0.0000834377217557563,,,,
449.64656963209165,0.00009872700442832213,,,,
450.8075583067487,0.00009831655388677779,,,,
451.97147877098814,0.00012930556977345554,,,,
451.9670810866145,0.0000822063701311198,,,,
453.13246744564515,0.00012889511923190947,,,,
453.12733681387584,0.00007394605298251776,,,,
454.2890584359285,0.00008138546904802937,,,,
453.99587947768174,0.000050088615255192495,,,,
455.5458189036127,0.00007047432548528028,,,,
456.61250168003374,0.00009626430117905087,,,,
456.6073710482644,0.00004131523492965916,,,,
457.76909267031704,0.00004875465099516904,,,,
457.47591371207034,0.000017457797202332162,,,,
458.9315472397653,0.00006404393366773488,,,,
458.9271495553915,0.00001694473402539913,,,,
460.0925359144223,0.00006363348312619053,,,,
461.2535245890793,0.00006322303258464446,,,,
462.4145132637363,0.00006281258204310011,,,,
463.5755019383933,0.00006240213150155403,,,,
463.57110425401953,0.000015302931859218286,,,,
464.83079651128634,0.00003579125472469302,,,,
465.8974792877073,0.00006158123041846361,,,,
465.89234865593795,0.000006632164169071905,,,,
467.05846796236443,0.00006117077987691753,,,,
467.05407027799066,0.000014071580234581785,,,,
468.21945663702144,0.000060760329335371455,,,,
468.7962862373718,0.000021305771029319492,,,,
469.9609396490069,0.00006014465352305494,,,,
469.9565419646331,0.00001304545388071919,,,,
471.1204624288726,0.000044034469767396944,,,,
470.8272834706259,0.000012737615974560065,,,,
472.2799852087384,0.00002792428601173895,,,,
473.44097388339543,0.000027513835470194606,,,,
474.60196255805243,0.000027103384928648527,,,,
475.76295123270944,0.00002669293438710245,,,,
476.92393990736656,0.000026282483845558105,,,,
478.08492858202357,0.000025872033304012027,,,,
479.24591725668057,0.000025461582762467683,,,,
480.4069059313376,0.000025051132220921604,,,,
481.5678946059946,0.000024640681679375526,,,,
482.7288832806516,0.000024230231137831182,,,,
483.8898719553086,0.000023819780596285103,,,,
485.148098317784,0.000028608370247647924,,,,
486.21771288378756,0.00008579781236964235,,,,
486.2133151994138,0.0000386986127273066,,,,
487.37870155844456,0.00008538736182809627,,,,
487.3743038740708,0.00003828816218576052,,,,
488.5367584435191,0.00005357744485832809,,,,
489.6977471181761,0.00005316699431678201,,,,
490.8616675824156,0.00008415601020345977,,,,
490.8572698980418,0.00003705681056112402,,,,
492.0226562570726,0.00008374555966191542,,,,
493.18657672131206,0.00011473457554859318,,,,
492.89193186827407,0.00006773798854164438,,,,
494.34756539596907,0.00011432412500704883,,,,
495.60823491643004,0.00014527893668193036,,,,
495.21684100717056,0.00009831655388677779,,,,
496.6783381140304,0.00020770162320862817,,,,
496.67394042965674,0.00016060242356629242,,,,
497.83639499910515,0.00017589170623886,,,,
497.8319973147314,0.00012879250659652425,,,,
498.9944518841797,0.00014408178926909009,,,,
500.1554405588367,0.00014367133872754574,,,,
500.1510428744629,0.00009657213908520999,,,,
501.3149633387024,0.00012756115497188775,,,,
501.0217843804556,0.00009626430117905087,,,,
502.4744861185682,0.00011145097121622975,,,,
503.0505827715229,0.00006414654630312183,,,,
503.6354747932252,0.00011104052067468541,,,,
504.2123043935756,0.00007158596236863171,,,,
505.4712637034467,0.00008422441862705049,,,,
506.5379464798677,0.00011001439432082108,,,,
506.2433016268297,0.00006301780731387228,,,,
507.70186694410717,0.00014100341020749883,,,,
507.6974692597334,0.00009390421056516308,,,,
508.86578740834676,0.00017199242609417832,,,,
508.861389723973,0.00012489322645184257,,,,
510.1210819812397,0.0001453815493173173,,,,
511.19069654724314,0.00020257099143931173,,,,
511.1855659154739,0.00014762192518992003,,,,
512.3516852219002,0.00020216054089776565,,,,
513.5156056861397,0.0002331495567844434,,,,
513.5112080017659,0.00018605035714210766,,,,
514.6795261503792,0.00026413857267112116,,,,
514.3848812973413,0.00021714198566417237,,,,
515.8434466146186,0.00029512758855780065,,,,
515.8390489302449,0.0002480283889154649,,,,
516.5265535873334,0.0003576870919316799,,,,
516.7127222258202,0.0002791200174375296,,,,
517.5966567849339,0.00042010977845837686,,,,
517.5915261531645,0.000365160712208986,,,,
518.757645459591,0.0004196993279168308,,,,
518.7532477752172,0.0003726001282744959,,,,
519.4407524323058,0.0004822588312907109,,,,
519.6269210707924,0.0004036917567965606,,,,
520.5108556299065,0.0005446815178174079,,,,
520.2162107768684,0.0004976849308104591,,,,
521.7715251503673,0.0005756363294922911,,,,
521.3801312411078,0.0005286739466971377,,,,
522.8445601375502,0.0006694584824472119,,,,
522.839429505781,0.0006145094161978211,,,,
524.0040829174161,0.0006533482986915548,,,,
523.9982193382511,0.000590549365835108,,,,
524.5713842016235,0.0005118454744937754,,,,
524.8674949494527,0.0005745417947148369,,,,
525.1474808545781,0.00046454104958066657,,,,
525.7309069814892,0.0004957352907381182,,,,
526.3040718448615,0.0004170313993967856,,,,
526.6001825926908,0.0004797277196178472,,,,
526.8794355504208,0.0003618771078766226,,,,
527.4635946247272,0.0004009212156411285,,,,
527.4555322033755,0.0003145726829635147,,,,
528.6187197202194,0.00033771183224313647,,,,
528.6128561410544,0.0002749128993866888,,,,
529.7738448157115,0.00027450244884514273,,,,
529.7687141839422,0.00021955338259575102,,,,
530.9304358059949,0.00022699279866126264,,,,
532.0914244806518,0.00022658234811971656,,,,
532.0870267962782,0.00017948314847738255,,,,
533.2509472605177,0.00021047216436405856,,,,
533.2458166287483,0.0001555230981146686,,,,
534.4090041455922,0.0001786622473942904,,,,
534.1158251873453,0.0001473653936014535,,,,
535.568526925458,0.00016255206363863413,,,,
536.8267532879333,0.00016734065328999695,,,,
537.8934360643543,0.0001931306289837658,,,,
538.4695327173092,0.00014582620407065788,,,,
539.0544247390114,0.00019272017844222146,,,,
539.6312543393617,0.0001532656201361695,,,,
540.7929759614146,0.00016070503620167938,,,,
541.9568964256539,0.00019169405208835713,,,,
541.9524987412804,0.00014459485244602138,,,,
543.117885100311,0.0001912836015468128,,,,
543.1134874159372,0.00014418440190447704,,,,
544.2788737749679,0.0001908731510052667,,,,
544.2730101958032,0.00012807421814881904,,,,
545.4354647652513,0.00014336350082138488,,,,
545.1422858070046,0.000112066647028548,,,,
546.5949875451172,0.00012725331706572862,,,,
546.5898569133478,0.00007230425081633692,,,,
547.7515785354003,0.0000797436668818468,,,,
547.4583995771536,0.000048446813089009916,,,,
549.0083390030848,0.0000688325233190977,,,,
550.0735558847143,0.00007892276579875637,,,,
549.7803769264676,0.000047625912005919493,,,,
551.2330786645803,0.00006281258204309838,,,,
552.3940673392372,0.00006240213150155403,,,,
552.970163992192,0.000015097706588444379,,,,
553.5535901191029,0.00004629194774589604,,,,
554.7160446885512,0.00006158123041846361,,,,
554.7116470041774,0.000014482030776127863,,,,
555.8741015736257,0.0000297713134486937,,,,
557.1323279361013,0.00003455990310005652,,,,
558.1975448177309,0.000044650145579715195,,,,
557.9043658594842,0.000013353291786876581,,,,
559.4543052854153,0.0000337390020169661,,,,
560.5209880618363,0.000059528977710734954,,,,
560.2263432087982,0.000012532390703786159,,,,
561.6819767364934,0.00005911852716919061,,,,
562.8458972007329,0.00009010754305586836,,,,
562.8414995163591,0.000043008343413532615,,,,
564.0039540858074,0.00005829762608610019,,,,
565.1678745500469,0.00008928664197277794,,,,
565.1634768656731,0.00004218744233044219,,,,
566.3288632247038,0.00008887619143123186,,,,
566.9049598776585,0.00004157176651812394,,,,
567.4883860045695,0.0000727660076755756,,,,
568.063016762733,0.000009761849548354032,,,,
568.646442889644,0.00004095609070580569,,,,
569.80596566951,0.000024845906950147698,,,,
570.9669543441669,0.000024435456408603354,,,,
572.127943018824,0.000024025005867057275,,,,
573.2889316934809,0.00002361455532551293,,,,
574.449920368138,0.000023204104783966853,,,,
575.6109090427949,0.000022793654242420774,,,,
576.7748295070344,0.00005378267012910026,,,,
576.4801846539965,0.000006786083122149733,,,,
577.9358181816915,0.000053372219587554184,,,,
579.099738645931,0.00008436123547423367,,,,
579.0953409615572,0.000037262035831897924,,,,
580.2607273205879,0.0000839507849326876,,,,
579.96608246755,0.0000369541979257388,,,,
581.421715995245,0.00008354033439114152,,,,
582.5827046699019,0.00008312988384959717,,,,
583.743693344559,0.0000827194333080511,,,,
584.9046820192161,0.00008230898276650501,,,,
586.065670693873,0.00008189853222496067,,,,
587.2266593685301,0.00008148808168341459,,,,
588.3905798327696,0.00011247709757009408,,,,
588.3861821483958,0.00006537789792775833,,,,
589.5515685074265,0.000112066647028548,,,,
589.5471708230527,0.00006496744738621225,,,,
590.709625392501,0.00008025673005877809,,,,
591.2864549928515,0.00004080217175272613,,,,
592.448176614904,0.00004824158781823601,,,,
593.6091652895611,0.000047831137276691665,,,,
594.7730857538006,0.00007882015316336942,,,,
594.4784409007625,0.000031823566156420624,,,,
595.9340744284577,0.00007840970262182508,,,,
597.1923007909331,0.00008319829227318616,,,,
598.2589835673541,0.00010898826796695675,,,,
599.5172099298297,0.00011377685761831957,,,,
600.6811303940692,0.00014476587350499906,,,,
600.2892478532126,0.00009257024630514137,,,,
601.74781317049,0.00017055584919876965,,,,
